Time,Tick,Junction,Mode,Phase,WaitingTime_s,NorthWait_s,SouthWait_s,EastWait_s,WestWait_s,QueueLength,VehicleCount,IsCorridor
2026-04-07T19:00:52,1,J0_0,rl,NS-Green,5.25,8.61,8.12,7.97,7.89,35.04,49,True
2026-04-07T19:00:52,1,J0_1,rl,NS-Green,4.18,6.87,6.48,6.4,6.27,28.15,39,True
2026-04-07T19:00:52,1,J0_2,rl,NS-Green,5.25,8.62,8.13,8.07,7.83,30.58,42,True
2026-04-07T19:00:52,1,J0_3,rl,NS-Green,4.19,6.87,6.49,6.47,6.22,24.39,33,True
2026-04-07T19:00:52,1,J1_0,rl,NS-Green,14.66,14.81,14.16,13.82,13.68,38.23,53,False
2026-04-07T19:00:52,1,J1_1,rl,NS-Green,12.33,12.46,11.91,11.69,11.46,36.41,50,False
2026-04-07T19:00:52,1,J1_2,rl,NS-Green,12.46,12.59,12.04,11.87,11.53,40.21,56,False
2026-04-07T19:00:52,1,J1_3,rl,NS-Green,4.94,8.04,7.69,7.62,7.33,35.15,48,True
2026-04-07T19:00:52,1,J2_0,rl,NS-Green,13.35,13.38,12.98,12.58,12.46,42.63,59,False
2026-04-07T19:00:52,1,J2_1,rl,NS-Green,10.06,10.09,9.78,9.53,9.35,23.68,32,False
2026-04-07T19:00:52,1,J2_2,rl,NS-Green,10.46,10.48,10.16,9.96,9.67,29.95,41,False
2026-04-07T19:00:52,1,J2_3,rl,NS-Green,4.83,7.81,7.58,7.46,7.18,41.25,57,True
2026-04-07T19:00:52,1,J3_0,rl,NS-Green,10.23,10.18,10.01,9.64,9.55,32.2,45,False
2026-04-07T19:00:52,1,J3_1,rl,NS-Green,11.77,11.71,11.51,11.15,10.93,33.46,46,False
2026-04-07T19:00:52,1,J3_2,rl,NS-Green,11.34,11.28,11.09,10.8,10.49,32.19,44,False
2026-04-07T19:00:52,1,J3_3,rl,NS-Green,4.35,6.98,6.86,6.71,6.46,29.36,41,True
2026-04-07T19:00:52,2,J0_0,rl,NS-Green,6.65,10.9,10.29,10.1,10.0,44.86,56,True
2026-04-07T19:00:52,2,J0_1,rl,NS-Green,6.33,10.39,9.8,9.68,9.49,43.09,55,True
2026-04-07T19:00:52,2,J0_2,rl,NS-Green,5.69,9.34,8.81,8.74,8.49,40.91,51,True
2026-04-07T19:00:52,2,J0_3,rl,NS-Green,6.37,10.46,9.87,9.85,9.47,40.34,52,True
2026-04-07T19:00:52,2,J1_0,rl,NS-Green,17.43,17.61,16.84,16.43,16.27,55.82,71,False
2026-04-07T19:00:52,2,J1_1,rl,NS-Green,15.07,15.22,14.56,14.28,14.0,44.7,56,False
2026-04-07T19:00:52,2,J1_2,rl,NS-Green,17.19,17.36,16.6,16.37,15.9,51.72,65,False
2026-04-07T19:00:52,2,J1_3,rl,NS-Green,6.58,10.73,10.26,10.17,9.78,42.37,53,True
2026-04-07T19:00:52,2,J2_0,rl,NS-Green,16.0,16.04,15.55,15.08,14.93,50.39,62,False
2026-04-07T19:00:52,2,J2_1,rl,NS-Green,15.03,15.07,14.61,14.24,13.96,41.69,54,False
2026-04-07T19:00:52,2,J2_2,rl,NS-Green,12.98,13.02,12.62,12.37,12.01,36.34,45,False
2026-04-07T19:00:52,2,J2_3,rl,NS-Green,7.32,11.84,11.48,11.31,10.88,52.24,65,True
2026-04-07T19:00:52,2,J3_0,rl,NS-Green,15.5,15.42,15.16,14.61,14.46,49.38,63,False
2026-04-07T19:00:52,2,J3_1,rl,NS-Green,15.99,15.91,15.64,15.15,14.85,49.16,62,False
2026-04-07T19:00:52,2,J3_2,rl,NS-Green,15.36,15.28,15.02,14.63,14.21,47.68,61,False
2026-04-07T19:00:52,2,J3_3,rl,NS-Green,6.29,10.09,9.92,9.71,9.34,46.25,59,True
2026-04-07T19:00:52,3,J0_0,rl,NS-Green,7.61,12.5,11.79,11.57,11.46,51.51,63,True
2026-04-07T19:00:52,3,J0_1,rl,NS-Green,7.6,12.48,11.77,11.62,11.39,52.32,65,True
2026-04-07T19:00:52,3,J0_2,rl,NS-Green,7.08,11.62,10.96,10.88,10.56,53.77,67,True
2026-04-07T19:00:52,3,J0_3,rl,NS-Green,7.09,11.64,10.98,10.95,10.54,49.23,61,True
2026-04-07T19:00:52,3,J1_0,rl,NS-Green,19.13,19.33,18.48,18.03,17.85,61.28,75,False
2026-04-07T19:00:52,3,J1_1,rl,NS-Green,18.12,18.31,17.51,17.17,16.84,56.53,71,False
2026-04-07T19:00:52,3,J1_2,rl,NS-Green,18.18,18.36,17.56,17.32,16.82,54.96,67,False
2026-04-07T19:00:52,3,J1_3,rl,NS-Green,7.07,11.52,11.02,10.92,10.51,48.55,60,True
2026-04-07T19:00:52,3,J2_0,rl,NS-Green,17.65,17.69,17.15,16.63,16.47,61.1,76,False
2026-04-07T19:00:52,3,J2_1,rl,NS-Green,16.01,16.05,15.56,15.17,14.87,51.61,64,False
2026-04-07T19:00:52,3,J2_2,rl,NS-Green,16.93,16.97,16.45,16.12,15.66,53.17,68,False
2026-04-07T19:00:52,3,J2_3,rl,NS-Green,7.4,11.96,11.6,11.42,10.99,50.98,61,True
2026-04-07T19:00:52,3,J3_0,rl,NS-Green,18.07,17.98,17.67,17.03,16.86,54.64,67,False
2026-04-07T19:00:52,3,J3_1,rl,NS-Green,18.24,18.15,17.84,17.28,16.94,51.98,63,False
2026-04-07T19:00:52,3,J3_2,rl,NS-Green,16.45,16.36,16.08,15.66,15.21,52.93,65,False
2026-04-07T19:00:52,3,J3_3,rl,NS-Green,6.92,11.11,10.92,10.69,10.28,52.21,64,True
2026-04-07T19:00:52,4,J0_0,rl,NS-Green,7.76,12.74,12.02,11.8,11.69,57.41,70,True
2026-04-07T19:00:52,4,J0_1,rl,NS-Green,8.28,13.59,12.82,12.66,12.41,57.82,71,True
2026-04-07T19:00:52,4,J0_2,rl,NS-Green,8.3,13.62,12.85,12.75,12.39,57.7,70,True
2026-04-07T19:00:52,4,J0_3,rl,NS-Green,7.38,12.11,11.43,11.4,10.96,54.56,67,True
2026-04-07T19:00:52,4,J1_0,rl,NS-Green,18.74,18.93,18.1,17.66,17.48,64.89,79,False
2026-04-07T19:00:52,4,J1_1,rl,NS-Green,20.49,20.7,19.8,19.42,19.04,70.99,88,False
2026-04-07T19:00:52,4,J1_2,rl,NS-Green,19.28,19.47,18.62,18.36,17.83,54.9,66,False
2026-04-07T19:00:52,4,J1_3,rl,NS-Green,7.55,12.31,11.77,11.67,11.22,54.22,66,True
2026-04-07T19:00:52,4,J2_0,rl,NS-Green,21.11,21.16,20.52,19.9,19.7,68.19,84,False
2026-04-07T19:00:52,4,J2_1,rl,NS-Green,17.18,17.22,16.7,16.27,15.96,50.66,61,False
2026-04-07T19:00:52,4,J2_2,rl,NS-Green,19.66,19.71,19.11,18.73,18.19,59.95,74,False
2026-04-07T19:00:52,4,J2_3,rl,NS-Green,7.49,12.11,11.74,11.56,11.12,50.34,60,True
2026-04-07T19:00:52,4,J3_0,rl,NS-Green,18.05,17.96,17.66,17.02,16.84,54.74,66,False
2026-04-07T19:00:52,4,J3_1,rl,NS-Green,17.91,17.82,17.52,16.97,16.64,60.2,74,False
2026-04-07T19:00:52,4,J3_2,rl,NS-Green,14.92,14.85,14.59,14.21,13.8,46.23,54,False
2026-04-07T19:00:52,4,J3_3,rl,NS-Green,7.84,12.59,12.38,12.12,11.65,54.36,66,True
2026-04-07T19:00:52,5,J0_0,rl,NS-Green,7.4,12.15,11.47,11.26,11.14,50.19,59,True
2026-04-07T19:00:52,5,J0_1,rl,NS-Green,7.76,12.74,12.02,11.86,11.63,58.89,71,True
2026-04-07T19:00:52,5,J0_2,rl,NS-Green,7.6,12.48,11.77,11.68,11.34,51.18,60,True
2026-04-07T19:00:52,5,J0_3,rl,NS-Green,8.33,13.67,12.9,12.86,12.37,57.25,70,True
2026-04-07T19:00:52,5,J1_0,rl,NS-Green,18.93,19.12,18.29,17.84,17.66,65.0,78,False
2026-04-07T19:00:52,5,J1_1,rl,NS-Green,21.97,22.19,21.23,20.82,20.41,69.78,84,False
2026-04-07T19:00:52,5,J1_2,rl,NS-Green,18.33,18.51,17.71,17.46,16.96,55.72,67,False
2026-04-07T19:00:52,5,J1_3,rl,NS-Green,8.08,13.17,12.6,12.49,12.01,63.88,79,True
2026-04-07T19:00:52,5,J2_0,rl,NS-Green,18.42,18.47,17.91,17.37,17.19,59.02,69,False
2026-04-07T19:00:52,5,J2_1,rl,NS-Green,17.8,17.85,17.31,16.87,16.54,50.18,60,False
2026-04-07T19:00:52,5,J2_2,rl,NS-Green,19.78,19.83,19.22,18.84,18.29,62.51,76,False
2026-04-07T19:00:52,5,J2_3,rl,NS-Green,7.92,12.82,12.43,12.24,11.77,53.42,65,True
2026-04-07T19:00:52,5,J3_0,rl,NS-Green,18.84,18.74,18.42,17.75,17.58,57.34,70,False
2026-04-07T19:00:52,5,J3_1,rl,NS-Green,17.74,17.65,17.35,16.81,16.48,58.39,70,False
2026-04-07T19:00:52,5,J3_2,rl,NS-Green,16.91,16.82,16.54,16.1,15.64,54.75,68,False
2026-04-07T19:00:52,5,J3_3,rl,NS-Green,7.68,12.32,12.11,11.86,11.4,54.6,66,True
2026-04-07T19:00:52,6,J0_0,rl,NS-Green,7.31,11.99,11.31,11.11,11.0,51.64,62,True
2026-04-07T19:00:52,6,J0_1,rl,NS-Green,7.53,12.37,11.67,11.52,11.29,59.43,72,True
2026-04-07T19:00:52,6,J0_2,rl,NS-Green,8.48,13.92,13.13,13.03,12.65,70.0,88,True
2026-04-07T19:00:52,6,J0_3,rl,NS-Green,7.98,13.1,12.36,12.32,11.85,64.55,79,True
2026-04-07T19:00:52,6,J1_0,rl,NS-Green,20.72,20.93,20.02,19.53,19.34,71.01,87,False
2026-04-07T19:00:52,6,J1_1,rl,NS-Green,18.16,18.34,17.54,17.2,16.87,59.82,70,False
2026-04-07T19:00:52,6,J1_2,rl,NS-Green,17.66,17.84,17.06,16.83,16.34,57.83,70,False
2026-04-07T19:00:52,6,J1_3,rl,NS-Green,8.69,14.16,13.54,13.42,12.91,62.79,75,True
2026-04-07T19:00:52,6,J2_0,rl,NS-Green,19.0,19.05,18.47,17.91,17.73,65.45,80,False
2026-04-07T19:00:52,6,J2_1,rl,NS-Green,16.71,16.75,16.24,15.84,15.53,50.79,61,False
2026-04-07T19:00:52,6,J2_2,rl,NS-Green,18.97,19.02,18.44,18.07,17.55,52.76,62,False
2026-04-07T19:00:52,6,J2_3,rl,NS-Green,7.47,12.08,11.71,11.54,11.1,53.28,64,True
2026-04-07T19:00:52,6,J3_0,rl,NS-Green,16.74,16.66,16.38,15.78,15.62,53.55,64,False
2026-04-07T19:00:52,6,J3_1,rl,NS-Green,18.82,18.73,18.41,17.84,17.49,57.48,69,False
2026-04-07T19:00:52,6,J3_2,rl,NS-Green,17.98,17.89,17.59,17.13,16.63,52.24,62,False
2026-04-07T19:00:52,6,J3_3,rl,NS-Green,8.13,13.04,12.82,12.55,12.07,61.52,76,True
2026-04-07T19:00:52,7,J0_0,rl,NS-Green,17.63,17.94,16.93,16.62,16.45,57.48,70,False
2026-04-07T19:00:52,7,J0_1,rl,NS-Green,18.01,18.33,17.29,17.07,16.74,58.0,70,False
2026-04-07T19:00:52,7,J0_2,rl,NS-Green,19.17,19.51,18.41,18.26,17.74,61.63,72,False
2026-04-07T19:00:52,7,J0_3,rl,NS-Green,18.79,19.12,18.04,17.99,17.3,57.19,67,False
2026-04-07T19:00:52,7,J1_0,rl,NS-Green,20.79,21.0,20.09,19.6,19.4,65.54,78,False
2026-04-07T19:00:52,7,J1_1,rl,NS-Green,19.34,19.53,18.68,18.32,17.97,59.9,72,False
2026-04-07T19:00:52,7,J1_2,rl,NS-Green,17.96,18.14,17.35,17.11,16.61,55.5,66,False
2026-04-07T19:00:52,7,J1_3,rl,NS-Green,17.2,17.37,16.61,16.47,15.84,56.3,66,False
2026-04-07T19:00:52,7,J2_0,rl,NS-Green,19.48,19.53,18.94,18.36,18.18,60.18,71,False
2026-04-07T19:00:52,7,J2_1,rl,NS-Green,16.93,16.97,16.45,16.04,15.73,50.25,60,False
2026-04-07T19:00:52,7,J2_2,rl,NS-Green,17.36,17.4,16.88,16.54,16.06,55.49,67,False
2026-04-07T19:00:52,7,J2_3,rl,NS-Green,17.06,17.1,16.58,16.34,15.71,55.75,68,False
2026-04-07T19:00:52,7,J3_0,rl,NS-Green,16.17,16.08,15.81,15.24,15.08,47.39,56,False
2026-04-07T19:00:52,7,J3_1,rl,NS-Green,18.49,18.4,18.08,17.52,17.18,64.67,79,False
2026-04-07T19:00:52,7,J3_2,rl,NS-Green,18.13,18.04,17.74,17.27,16.77,58.63,72,False
2026-04-07T19:00:52,7,J3_3,rl,NS-Green,20.73,20.62,20.27,19.85,19.09,69.25,85,False
2026-04-07T19:00:52,8,J0_0,rl,NS-Green,18.49,18.81,17.75,17.42,17.25,59.57,72,False
2026-04-07T19:00:52,8,J0_1,rl,NS-Green,18.11,18.43,17.38,17.16,16.82,54.73,65,False
2026-04-07T19:00:52,8,J0_2,rl,NS-Green,18.37,18.7,17.64,17.5,17.0,54.86,65,False
2026-04-07T19:00:52,8,J0_3,rl,NS-Green,16.05,16.33,15.41,15.37,14.78,47.52,55,False
2026-04-07T19:00:52,8,J1_0,rl,NS-Green,23.22,23.45,22.43,21.88,21.66,77.23,95,False
2026-04-07T19:00:52,8,J1_1,rl,NS-Green,18.56,18.74,17.93,17.58,17.24,64.19,78,False
2026-04-07T19:00:52,8,J1_2,rl,NS-Green,17.35,17.53,16.76,16.53,16.05,50.07,59,False
2026-04-07T19:00:52,8,J1_3,rl,NS-Green,18.8,18.99,18.16,18.0,17.31,55.57,67,False
2026-04-07T19:00:52,8,J2_0,rl,NS-Green,21.48,21.53,20.88,20.25,20.04,67.73,83,False
2026-04-07T19:00:52,8,J2_1,rl,NS-Green,17.21,17.25,16.73,16.3,15.99,57.63,71,False
2026-04-07T19:00:52,8,J2_2,rl,NS-Green,19.31,19.36,18.77,18.4,17.87,57.72,70,False
2026-04-07T19:00:52,8,J2_3,rl,NS-Green,17.01,17.05,16.53,16.28,15.66,51.05,60,False
2026-04-07T19:00:52,8,J3_0,rl,NS-Green,15.72,15.65,15.38,14.82,14.67,46.83,56,False
2026-04-07T19:00:52,8,J3_1,rl,NS-Green,20.91,20.8,20.45,19.81,19.42,62.34,75,False
2026-04-07T19:00:52,8,J3_2,rl,NS-Green,20.65,20.55,20.19,19.67,19.1,61.85,75,False
2026-04-07T19:00:52,8,J3_3,rl,NS-Green,22.63,22.52,22.13,21.67,20.84,72.3,88,False
2026-04-07T19:00:52,9,J0_0,rl,NS-Green,17.26,17.56,16.57,16.27,16.1,55.52,66,False
2026-04-07T19:00:52,9,J0_1,rl,NS-Green,19.99,20.34,19.19,18.94,18.57,63.29,78,False
2026-04-07T19:00:52,9,J0_2,rl,NS-Green,16.73,17.02,16.06,15.93,15.47,50.6,60,False
2026-04-07T19:00:52,9,J0_3,rl,NS-Green,15.94,16.22,15.31,15.27,14.68,45.2,54,False
2026-04-07T19:00:52,9,J1_0,rl,NS-Green,22.36,22.58,21.6,21.07,20.86,72.92,87,False
2026-04-07T19:00:52,9,J1_1,rl,NS-Green,20.15,20.35,19.47,19.09,18.72,62.95,76,False
2026-04-07T19:00:52,9,J1_2,rl,NS-Green,17.26,17.43,16.67,16.44,15.97,52.44,64,False
2026-04-07T19:00:52,9,J1_3,rl,NS-Green,19.49,19.68,18.83,18.66,17.95,58.61,71,False
2026-04-07T19:00:52,9,J2_0,rl,NS-Green,20.56,20.61,19.99,19.38,19.18,64.74,77,False
2026-04-07T19:00:52,9,J2_1,rl,NS-Green,17.83,17.88,17.33,16.9,16.57,51.14,60,False
2026-04-07T19:00:52,9,J2_2,rl,NS-Green,17.26,17.3,16.77,16.44,15.96,55.44,66,False
2026-04-07T19:00:52,9,J2_3,rl,NS-Green,18.89,18.94,18.36,18.09,17.4,61.43,76,False
2026-04-07T19:00:52,9,J3_0,rl,NS-Green,17.18,17.09,16.8,16.19,16.03,50.8,62,False
2026-04-07T19:00:52,9,J3_1,rl,NS-Green,19.15,19.05,18.72,18.14,17.79,59.47,71,False
2026-04-07T19:00:52,9,J3_2,rl,NS-Green,19.8,19.7,19.36,18.86,18.32,61.77,74,False
2026-04-07T19:00:52,9,J3_3,rl,NS-Green,21.19,21.08,20.72,20.29,19.52,72.14,87,False
2026-04-07T19:00:52,10,J0_0,rl,NS-Green,15.9,16.18,15.26,14.98,14.83,44.98,52,False
2026-04-07T19:00:52,10,J0_1,rl,NS-Green,18.86,19.19,18.11,17.87,17.52,61.65,74,False
2026-04-07T19:00:52,10,J0_2,rl,NS-Green,16.4,16.69,15.75,15.63,15.17,48.45,58,False
2026-04-07T19:00:52,10,J0_3,rl,NS-Green,16.14,16.43,15.5,15.46,14.87,49.98,61,False
2026-04-07T19:00:52,10,J1_0,rl,NS-Green,20.21,20.42,19.53,19.05,18.86,62.25,73,False
2026-04-07T19:00:52,10,J1_1,rl,NS-Green,20.43,20.64,19.74,19.36,18.98,64.88,79,False
2026-04-07T19:00:52,10,J1_2,rl,NS-Green,16.32,16.48,15.76,15.54,15.09,56.18,68,False
2026-04-07T19:00:52,10,J1_3,rl,NS-Green,19.13,19.32,18.48,18.32,17.62,63.54,78,False
2026-04-07T19:00:52,10,J2_0,rl,NS-Green,18.88,18.93,18.35,17.79,17.61,58.98,70,False
2026-04-07T19:00:52,10,J2_1,rl,NS-Green,18.07,18.11,17.56,17.12,16.78,59.78,74,False
2026-04-07T19:00:52,10,J2_2,rl,NS-Green,20.08,20.13,19.52,19.13,18.57,68.74,86,False
2026-04-07T19:00:52,10,J2_3,rl,NS-Green,18.06,18.11,17.56,17.29,16.63,59.01,71,False
2026-04-07T19:00:52,10,J3_0,rl,NS-Green,16.89,16.8,16.51,15.91,15.75,51.11,62,False
2026-04-07T19:00:52,10,J3_1,rl,NS-Green,18.35,18.26,17.95,17.39,17.05,59.72,72,False
2026-04-07T19:00:52,10,J3_2,rl,NS-Green,17.75,17.66,17.35,16.9,16.41,56.63,67,False
2026-04-07T19:00:52,10,J3_3,rl,NS-Green,21.32,21.21,20.85,20.41,19.64,66.11,78,False
2026-04-07T19:00:52,11,J0_0,rl,NS-Green,15.34,15.6,14.72,14.45,14.31,48.17,59,False
2026-04-07T19:00:52,11,J0_1,rl,NS-Green,18.47,18.8,17.74,17.5,17.16,58.27,69,False
2026-04-07T19:00:52,11,J0_2,rl,NS-Green,14.44,14.69,13.86,13.75,13.36,43.97,52,False
2026-04-07T19:00:52,11,J0_3,rl,NS-Green,15.19,15.45,14.58,14.54,13.99,45.59,54,False
2026-04-07T19:00:52,11,J1_0,rl,NS-Green,17.56,17.73,16.96,16.55,16.38,54.33,64,False
2026-04-07T19:00:52,11,J1_1,rl,NS-Green,19.05,19.25,18.41,18.05,17.7,64.15,77,False
2026-04-07T19:00:52,11,J1_2,rl,NS-Green,22.16,22.38,21.4,21.11,20.5,70.81,88,False
2026-04-07T19:00:52,11,J1_3,rl,NS-Green,20.07,20.27,19.39,19.22,18.48,62.62,75,False
2026-04-07T19:00:52,11,J2_0,rl,NS-Green,19.82,19.87,19.27,18.68,18.49,64.57,79,False
2026-04-07T19:00:52,11,J2_1,rl,NS-Green,20.03,20.08,19.46,18.97,18.6,63.28,77,False
2026-04-07T19:00:52,11,J2_2,rl,NS-Green,20.49,20.54,19.91,19.51,18.95,70.35,85,False
2026-04-07T19:00:52,11,J2_3,rl,NS-Green,19.07,19.12,18.54,18.26,17.56,55.24,66,False
2026-04-07T19:00:52,11,J3_0,rl,NS-Green,16.38,16.3,16.02,15.44,15.29,46.16,55,False
2026-04-07T19:00:52,11,J3_1,rl,NS-Green,18.99,18.9,18.58,18.0,17.65,60.7,73,False
2026-04-07T19:00:52,11,J3_2,rl,NS-Green,22.48,22.37,21.98,21.41,20.79,70.19,87,False
2026-04-07T19:00:52,11,J3_3,rl,NS-Green,20.5,20.4,20.05,19.63,18.88,59.67,71,False
2026-04-07T19:00:52,12,J0_0,rl,NS-Green,17.93,18.25,17.22,16.9,16.73,59.98,75,False
2026-04-07T19:00:52,12,J0_1,rl,NS-Green,17.18,17.48,16.49,16.28,15.96,52.32,62,False
2026-04-07T19:00:52,12,J0_2,rl,NS-Green,15.91,16.19,15.28,15.16,14.72,51.91,64,False
2026-04-07T19:00:52,12,J0_3,rl,NS-Green,16.6,16.89,15.94,15.89,15.29,60.38,76,False
2026-04-07T19:00:52,12,J1_0,rl,NS-Green,18.75,18.93,18.11,17.67,17.49,63.93,79,False
2026-04-07T19:00:52,12,J1_1,rl,NS-Green,22.18,22.4,21.43,21.02,20.61,73.98,91,False
2026-04-07T19:00:52,12,J1_2,rl,NS-Green,23.71,23.95,22.91,22.59,21.93,74.79,91,False
2026-04-07T19:00:52,12,J1_3,rl,NS-Green,18.62,18.81,17.99,17.83,17.15,64.71,78,False
2026-04-07T19:00:52,12,J2_0,rl,NS-Green,19.12,19.17,18.59,18.02,17.84,64.0,77,False
2026-04-07T19:00:52,12,J2_1,rl,NS-Green,18.93,18.97,18.4,17.93,17.58,57.39,68,False
2026-04-07T19:00:52,12,J2_2,rl,NS-Green,20.65,20.7,20.07,19.67,19.1,66.9,80,False
2026-04-07T19:00:52,12,J2_3,rl,NS-Green,17.47,17.51,16.98,16.72,16.09,52.49,63,False
2026-04-07T19:00:52,12,J3_0,rl,NS-Green,15.28,15.21,14.95,14.41,14.26,52.16,64,False
2026-04-07T19:00:52,12,J3_1,rl,NS-Green,17.95,17.86,17.56,17.01,16.68,57.79,69,False
2026-04-07T19:00:52,12,J3_2,rl,NS-Green,17.36,17.27,16.98,16.54,16.06,58.33,68,False
2026-04-07T19:00:52,12,J3_3,rl,NS-Green,15.95,15.87,15.6,15.27,14.69,49.62,58,False
2026-04-07T19:00:52,13,J0_0,rl,NS-Green,18.09,18.4,17.36,17.05,16.87,54.03,64,False
2026-04-07T19:00:52,13,J0_1,rl,NS-Green,15.33,15.6,14.72,14.53,14.25,45.07,53,False
2026-04-07T19:00:52,13,J0_2,rl,NS-Green,15.94,16.22,15.3,15.18,14.75,51.66,62,False
2026-04-07T19:00:52,13,J0_3,rl,NS-Green,20.33,20.68,19.51,19.46,18.72,61.88,75,False
2026-04-07T19:00:52,13,J1_0,rl,NS-Green,20.01,20.21,19.33,18.86,18.67,61.97,74,False
2026-04-07T19:00:52,13,J1_1,rl,NS-Green,20.09,20.29,19.41,19.03,18.66,72.14,86,False
2026-04-07T19:00:52,13,J1_2,rl,NS-Green,18.29,18.48,17.67,17.42,16.92,56.39,64,False
2026-04-07T19:00:52,13,J1_3,rl,NS-Green,20.75,20.96,20.04,19.87,19.11,70.87,87,False
2026-04-07T19:00:52,13,J2_0,rl,NS-Green,23.68,23.74,23.02,22.32,22.1,80.7,101,False
2026-04-07T19:00:52,13,J2_1,rl,NS-Green,19.24,19.29,18.7,18.23,17.88,62.08,76,False
2026-04-07T19:00:52,13,J2_2,rl,NS-Green,17.71,17.75,17.21,16.86,16.38,55.82,65,False
2026-04-07T19:00:52,13,J2_3,rl,NS-Green,17.2,17.24,16.72,16.47,15.84,62.16,77,False
2026-04-07T19:00:52,13,J3_0,rl,NS-Green,17.4,17.31,17.02,16.4,16.24,54.34,66,False
2026-04-07T19:00:52,13,J3_1,rl,NS-Green,15.85,15.77,15.5,15.02,14.73,49.53,58,False
2026-04-07T19:00:52,13,J3_2,rl,NS-Green,18.96,18.86,18.54,18.06,17.54,62.55,76,False
2026-04-07T19:00:52,13,J3_3,rl,NS-Green,17.8,17.71,17.41,17.04,16.39,52.21,63,False
2026-04-07T19:00:52,14,J0_0,rl,NS-Green,16.39,16.67,15.73,15.44,15.29,50.18,60,False
2026-04-07T19:00:52,14,J0_1,rl,NS-Green,17.26,17.56,16.57,16.35,16.03,49.06,60,False
2026-04-07T19:00:52,14,J0_2,rl,NS-Green,20.97,21.33,20.13,19.97,19.39,62.59,78,False
2026-04-07T19:00:52,14,J0_3,rl,NS-Green,18.85,19.18,18.09,18.04,17.36,63.49,77,False
2026-04-07T19:00:52,14,J1_0,rl,NS-Green,20.18,20.38,19.49,19.02,18.83,66.08,80,False
2026-04-07T19:00:52,14,J1_1,rl,NS-Green,19.62,19.82,18.96,18.59,18.23,59.31,69,False
2026-04-07T19:00:52,14,J1_2,rl,NS-Green,20.18,20.39,19.5,19.23,18.67,64.12,79,False
2026-04-07T19:00:52,14,J1_3,rl,NS-Green,18.29,18.47,17.67,17.51,16.84,56.97,66,False
2026-04-07T19:00:52,14,J2_0,rl,NS-Green,20.43,20.48,19.86,19.26,19.06,66.17,77,False
2026-04-07T19:00:52,14,J2_1,rl,NS-Green,17.31,17.36,16.83,16.41,16.08,55.09,65,False
2026-04-07T19:00:52,14,J2_2,rl,NS-Green,21.47,21.52,20.86,20.45,19.86,75.73,95,False
2026-04-07T19:00:52,14,J2_3,rl,NS-Green,16.46,16.5,16.0,15.76,15.16,53.43,63,False
2026-04-07T19:00:52,14,J3_0,rl,NS-Green,16.33,16.24,15.97,15.39,15.23,50.34,60,False
2026-04-07T19:00:52,14,J3_1,rl,NS-Green,16.97,16.89,16.6,16.08,15.77,51.31,62,False
2026-04-07T19:00:52,14,J3_2,rl,NS-Green,18.65,18.55,18.24,17.76,17.25,56.17,66,False
2026-04-07T19:00:52,14,J3_3,rl,NS-Green,18.04,17.95,17.64,17.27,16.61,58.61,72,False
2026-04-07T19:00:52,15,J0_0,rl,NS-Green,18.38,18.7,17.65,17.32,17.15,56.74,70,False
2026-04-07T19:00:52,15,J0_1,rl,NS-Green,15.47,15.74,14.85,14.65,14.37,49.38,60,False
2026-04-07T19:00:52,15,J0_2,rl,NS-Green,17.47,17.78,16.77,16.64,16.16,56.19,66,False
2026-04-07T19:00:52,15,J0_3,rl,NS-Green,18.72,19.05,17.98,17.93,17.25,54.95,64,False
2026-04-07T19:00:52,15,J1_0,rl,NS-Green,21.0,21.21,20.29,19.8,19.6,71.56,87,False
2026-04-07T19:00:52,15,J1_1,rl,NS-Green,18.5,18.68,17.87,17.52,17.18,60.49,73,False
2026-04-07T19:00:52,15,J1_2,rl,NS-Green,20.58,20.79,19.88,19.6,19.04,68.02,83,False
2026-04-07T19:00:52,15,J1_3,rl,NS-Green,18.16,18.34,17.54,17.39,16.73,55.91,67,False
2026-04-07T19:00:52,15,J2_0,rl,NS-Green,18.35,18.39,17.83,17.29,17.12,64.8,78,False
2026-04-07T19:00:52,15,J2_1,rl,NS-Green,16.52,16.56,16.06,15.65,15.35,52.41,63,False
2026-04-07T19:00:52,15,J2_2,rl,NS-Green,20.19,20.24,19.63,19.23,18.68,69.62,83,False
2026-04-07T19:00:52,15,J2_3,rl,NS-Green,16.5,16.54,16.03,15.79,15.19,52.43,63,False
2026-04-07T19:00:52,15,J3_0,rl,NS-Green,18.44,18.35,18.03,17.38,17.2,52.57,64,False
2026-04-07T19:00:52,15,J3_1,rl,NS-Green,15.14,15.06,14.8,14.34,14.06,50.51,61,False
2026-04-07T19:00:52,15,J3_2,rl,NS-Green,19.31,19.22,18.89,18.4,17.86,64.86,80,False
2026-04-07T19:00:52,15,J3_3,rl,NS-Green,19.29,19.19,18.86,18.47,17.76,58.44,70,False
2026-04-07T19:00:52,16,J0_0,rl,NS-Green,18.11,18.43,17.38,17.07,16.89,59.2,72,False
2026-04-07T19:00:52,16,J0_1,rl,NS-Green,16.01,16.29,15.37,15.17,14.87,49.54,60,False
2026-04-07T19:00:52,16,J0_2,rl,NS-Green,18.27,18.59,17.54,17.41,16.9,55.52,67,False
2026-04-07T19:00:52,16,J0_3,rl,NS-Green,17.6,17.91,16.9,16.86,16.21,57.44,70,False
2026-04-07T19:00:52,16,J1_0,rl,NS-Green,20.71,20.91,20.0,19.52,19.32,65.81,78,False
2026-04-07T19:00:52,16,J1_1,rl,NS-Green,19.92,20.12,19.25,18.88,18.51,68.74,84,False
2026-04-07T19:00:52,16,J1_2,rl,NS-Green,19.09,19.28,18.44,18.18,17.65,62.33,74,False
2026-04-07T19:00:52,16,J1_3,rl,NS-Green,16.82,16.98,16.24,16.1,15.49,51.13,61,False
2026-04-07T19:00:52,16,J2_0,rl,NS-Green,18.1,18.15,17.59,17.06,16.89,61.56,73,False
2026-04-07T19:00:52,16,J2_1,rl,NS-Green,19.76,19.81,19.21,18.72,18.36,61.27,76,False
2026-04-07T19:00:52,16,J2_2,rl,NS-Green,19.08,19.13,18.55,18.18,17.65,65.69,78,False
2026-04-07T19:00:52,16,J2_3,rl,NS-Green,18.97,19.01,18.43,18.16,17.47,65.52,82,False
2026-04-07T19:00:52,16,J3_0,rl,NS-Green,18.08,17.99,17.68,17.04,16.87,60.5,74,False
2026-04-07T19:00:52,16,J3_1,rl,NS-Green,16.34,16.26,15.98,15.49,15.18,52.66,64,False
2026-04-07T19:00:52,16,J3_2,rl,NS-Green,20.11,20.01,19.67,19.16,18.61,63.29,76,False
2026-04-07T19:00:52,16,J3_3,rl,NS-Green,20.12,20.02,19.67,19.26,18.53,62.6,76,False
2026-04-07T19:00:52,17,J0_0,rl,NS-Green,17.36,17.67,16.67,16.37,16.2,57.89,69,False
2026-04-07T19:00:52,17,J0_1,rl,NS-Green,18.14,18.45,17.41,17.18,16.85,58.12,72,False
2026-04-07T19:00:52,17,J0_2,rl,NS-Green,18.47,18.79,17.73,17.59,17.08,58.58,71,False
2026-04-07T19:00:52,17,J0_3,rl,NS-Green,18.38,18.7,17.65,17.6,16.93,59.55,72,False
2026-04-07T19:00:52,17,J1_0,rl,NS-Green,18.21,18.39,17.59,17.16,16.99,60.37,72,False
2026-04-07T19:00:52,17,J1_1,rl,NS-Green,20.08,20.28,19.4,19.02,18.65,63.54,75,False
2026-04-07T19:00:52,17,J1_2,rl,NS-Green,20.1,20.3,19.42,19.15,18.59,65.41,79,False
2026-04-07T19:00:52,17,J1_3,rl,NS-Green,17.53,17.7,16.93,16.78,16.14,58.92,73,False
2026-04-07T19:00:52,17,J2_0,rl,NS-Green,21.24,21.3,20.65,20.02,19.82,70.13,86,False
2026-04-07T19:00:52,17,J2_1,rl,NS-Green,18.4,18.45,17.89,17.44,17.1,63.18,76,False
2026-04-07T19:00:52,17,J2_2,rl,NS-Green,19.21,19.26,18.68,18.3,17.77,59.46,70,False
2026-04-07T19:00:52,17,J2_3,rl,NS-Green,18.29,18.33,17.78,17.51,16.84,61.92,74,False
2026-04-07T19:00:52,17,J3_0,rl,NS-Green,18.39,18.29,17.98,17.33,17.15,61.09,74,False
2026-04-07T19:00:52,17,J3_1,rl,NS-Green,17.27,17.18,16.89,16.36,16.04,54.59,66,False
2026-04-07T19:00:52,17,J3_2,rl,NS-Green,19.55,19.45,19.12,18.62,18.08,64.2,77,False
2026-04-07T19:00:52,17,J3_3,rl,NS-Green,17.36,17.27,16.97,16.62,15.99,52.8,62,False
2026-04-07T19:00:52,18,J0_0,rl,NS-Green,19.33,19.66,18.55,18.21,18.03,64.02,78,False
2026-04-07T19:00:52,18,J0_1,rl,NS-Green,15.84,16.12,15.21,15.01,14.72,44.59,51,False
2026-04-07T19:00:52,18,J0_2,rl,NS-Green,16.28,16.57,15.63,15.51,15.06,54.18,64,False
2026-04-07T19:00:52,18,J0_3,rl,NS-Green,18.96,19.3,18.21,18.16,17.47,61.46,74,False
2026-04-07T19:00:52,18,J1_0,rl,NS-Green,20.98,21.19,20.26,19.77,19.57,71.23,88,False
2026-04-07T19:00:52,18,J1_1,rl,NS-Green,20.11,20.31,19.43,19.05,18.68,65.18,79,False
2026-04-07T19:00:52,18,J1_2,rl,NS-Green,18.5,18.68,17.87,17.62,17.11,55.07,64,False
2026-04-07T19:00:52,18,J1_3,rl,NS-Green,17.46,17.63,16.87,16.72,16.08,55.2,66,False
2026-04-07T19:00:52,18,J2_0,rl,NS-Green,20.56,20.61,19.98,19.38,19.18,65.09,77,False
2026-04-07T19:00:52,18,J2_1,rl,NS-Green,17.43,17.47,16.94,16.51,16.19,58.19,69,False
2026-04-07T19:00:52,18,J2_2,rl,NS-Green,19.13,19.18,18.6,18.22,17.7,62.27,76,False
2026-04-07T19:00:52,18,J2_3,rl,NS-Green,18.97,19.02,18.44,18.16,17.47,58.41,70,False
2026-04-07T19:00:52,18,J3_0,rl,NS-Green,18.9,18.81,18.49,17.82,17.64,60.54,73,False
2026-04-07T19:00:52,18,J3_1,rl,NS-Green,18.88,18.78,18.46,17.89,17.54,53.86,65,False
2026-04-07T19:00:52,18,J3_2,rl,NS-Green,17.92,17.83,17.53,17.07,16.58,61.26,73,False
2026-04-07T19:00:52,18,J3_3,rl,NS-Green,16.84,16.76,16.47,16.13,15.51,51.26,61,False
2026-04-07T19:00:52,19,J0_0,rl,NS-Green,20.51,20.87,19.69,19.33,19.13,62.87,75,False
2026-04-07T19:00:52,19,J0_1,rl,NS-Green,15.08,15.34,14.47,14.29,14.01,50.52,62,False
2026-04-07T19:00:52,19,J0_2,rl,NS-Green,17.21,17.51,16.52,16.4,15.92,57.05,69,False
2026-04-07T19:00:52,19,J0_3,rl,NS-Green,19.77,20.11,18.98,18.93,18.21,63.28,77,False
2026-04-07T19:00:52,19,J1_0,rl,NS-Green,21.02,21.23,20.31,19.81,19.61,67.35,80,False
2026-04-07T19:00:52,19,J1_1,rl,NS-Green,18.52,18.7,17.89,17.55,17.2,62.6,75,False
2026-04-07T19:00:52,19,J1_2,rl,NS-Green,19.69,19.89,19.03,18.76,18.22,66.0,82,False
2026-04-07T19:00:52,19,J1_3,rl,NS-Green,19.29,19.49,18.64,18.47,17.77,64.37,79,False
2026-04-07T19:00:52,19,J2_0,rl,NS-Green,18.51,18.55,17.99,17.44,17.27,64.26,77,False
2026-04-07T19:00:52,19,J2_1,rl,NS-Green,18.4,18.45,17.89,17.44,17.1,57.38,69,False
2026-04-07T19:00:52,19,J2_2,rl,NS-Green,19.37,19.42,18.83,18.45,17.92,62.83,76,False
2026-04-07T19:00:52,19,J2_3,rl,NS-Green,19.1,19.15,18.57,18.29,17.59,61.74,75,False
2026-04-07T19:00:52,19,J3_0,rl,NS-Green,17.02,16.94,16.65,16.05,15.88,50.91,59,False
2026-04-07T19:00:52,19,J3_1,rl,NS-Green,18.43,18.34,18.03,17.47,17.13,56.9,69,False
2026-04-07T19:00:52,19,J3_2,rl,NS-Green,18.61,18.52,18.2,17.73,17.21,64.87,79,False
2026-04-07T19:00:52,19,J3_3,rl,NS-Green,18.01,17.92,17.62,17.25,16.59,58.99,73,False
2026-04-07T19:00:52,20,J0_0,rl,NS-Green,17.16,17.46,16.47,16.17,16.01,50.39,58,False
2026-04-07T19:00:52,20,J0_1,rl,NS-Green,16.52,16.81,15.86,15.65,15.35,57.76,71,False
2026-04-07T19:00:52,20,J0_2,rl,NS-Green,17.32,17.62,16.62,16.49,16.02,57.66,70,False
2026-04-07T19:00:52,20,J0_3,rl,NS-Green,18.04,18.36,17.32,17.28,16.62,52.29,61,False
2026-04-07T19:00:52,20,J1_0,rl,NS-Green,19.92,20.12,19.24,18.77,18.58,62.84,75,False
2026-04-07T19:00:52,20,J1_1,rl,NS-Green,19.08,19.27,18.43,18.08,17.72,61.3,74,False
2026-04-07T19:00:52,20,J1_2,rl,NS-Green,16.73,16.9,16.16,15.94,15.48,50.27,57,False
2026-04-07T19:00:52,20,J1_3,rl,NS-Green,19.11,19.3,18.46,18.3,17.6,59.64,71,False
2026-04-07T19:00:52,20,J2_0,rl,NS-Green,21.37,21.43,20.78,20.14,19.94,75.74,94,False
2026-04-07T19:00:52,20,J2_1,rl,NS-Green,16.99,17.04,16.52,16.1,15.79,56.12,67,False
2026-04-07T19:00:52,20,J2_2,rl,NS-Green,16.57,16.61,16.11,15.78,15.33,54.62,64,False
2026-04-07T19:00:52,20,J2_3,rl,NS-Green,17.92,17.97,17.42,17.16,16.5,54.92,65,False
2026-04-07T19:00:52,20,J3_0,rl,NS-Green,16.26,16.18,15.91,15.33,15.17,53.71,65,False
2026-04-07T19:00:52,20,J3_1,rl,NS-Green,17.48,17.4,17.1,16.57,16.24,60.98,74,False
2026-04-07T19:00:52,20,J3_2,rl,NS-Green,19.66,19.56,19.22,18.72,18.18,64.15,77,False
2026-04-07T19:00:52,20,J3_3,rl,NS-Green,17.23,17.14,16.85,16.49,15.87,48.43,56,False
2026-04-07T19:00:52,21,J0_0,rl,NS-Green,16.7,16.99,16.03,15.74,15.58,55.99,69,False
2026-04-07T19:00:52,21,J0_1,rl,NS-Green,17.4,17.71,16.71,16.49,16.17,52.06,62,False
2026-04-07T19:00:52,21,J0_2,rl,NS-Green,18.32,18.65,17.59,17.45,16.95,51.16,60,False
2026-04-07T19:00:52,21,J0_3,rl,NS-Green,17.5,17.8,16.8,16.75,16.11,51.01,61,False
2026-04-07T19:00:52,21,J1_0,rl,NS-Green,17.51,17.68,16.91,16.5,16.33,61.42,74,False
2026-04-07T19:00:52,21,J1_1,rl,NS-Green,19.7,19.89,19.03,18.66,18.3,63.2,76,False
2026-04-07T19:00:52,21,J1_2,rl,NS-Green,19.22,19.41,18.56,18.31,17.78,58.48,72,False
2026-04-07T19:00:52,21,J1_3,rl,NS-Green,18.44,18.63,17.82,17.66,16.99,58.96,71,False
2026-04-07T19:00:52,21,J2_0,rl,NS-Green,21.93,21.99,21.32,20.67,20.46,67.92,80,False
2026-04-07T19:00:52,21,J2_1,rl,NS-Green,15.81,15.85,15.36,14.98,14.68,54.63,65,False
2026-04-07T19:00:52,21,J2_2,rl,NS-Green,17.83,17.88,17.33,16.99,16.5,58.98,72,False
2026-04-07T19:00:52,21,J2_3,rl,NS-Green,18.43,18.48,17.92,17.65,16.98,54.88,66,False
2026-04-07T19:00:52,21,J3_0,rl,NS-Green,18.16,18.07,17.76,17.11,16.94,58.52,71,False
2026-04-07T19:00:52,21,J3_1,rl,NS-Green,19.45,19.35,19.02,18.43,18.07,63.03,76,False
2026-04-07T19:00:52,21,J3_2,rl,NS-Green,21.13,21.02,20.66,20.13,19.55,70.58,86,False
2026-04-07T19:00:52,21,J3_3,rl,NS-Green,16.9,16.82,16.53,16.19,15.57,55.86,69,False
2026-04-07T19:00:52,22,J0_0,rl,NS-Green,18.09,18.4,17.36,17.05,16.87,61.37,75,False
2026-04-07T19:00:52,22,J0_1,rl,NS-Green,16.51,16.8,15.85,15.64,15.34,51.74,62,False
2026-04-07T19:00:52,22,J0_2,rl,NS-Green,16.35,16.63,15.69,15.57,15.12,54.68,67,False
2026-04-07T19:00:52,22,J0_3,rl,NS-Green,18.37,18.69,17.64,17.59,16.92,57.16,70,False
2026-04-07T19:00:52,22,J1_0,rl,NS-Green,17.81,17.99,17.21,16.79,16.62,60.71,73,False
2026-04-07T19:00:52,22,J1_1,rl,NS-Green,19.11,19.3,18.46,18.11,17.75,62.45,75,False
2026-04-07T19:00:52,22,J1_2,rl,NS-Green,20.51,20.72,19.81,19.54,18.97,64.33,79,False
2026-04-07T19:00:52,22,J1_3,rl,NS-Green,17.83,18.0,17.22,17.07,16.42,55.22,66,False
2026-04-07T19:00:52,22,J2_0,rl,NS-Green,21.39,21.44,20.79,20.16,19.96,75.03,92,False
2026-04-07T19:00:52,22,J2_1,rl,NS-Green,19.94,19.99,19.38,18.89,18.52,68.34,85,False
2026-04-07T19:00:52,22,J2_2,rl,NS-Green,20.52,20.57,19.94,19.54,18.98,71.37,89,False
2026-04-07T19:00:52,22,J2_3,rl,NS-Green,19.06,19.11,18.52,18.25,17.55,59.11,72,False
2026-04-07T19:00:52,22,J3_0,rl,NS-Green,16.66,16.58,16.29,15.7,15.54,55.84,67,False
2026-04-07T19:00:52,22,J3_1,rl,NS-Green,17.95,17.86,17.56,17.01,16.68,58.97,70,False
2026-04-07T19:00:52,22,J3_2,rl,NS-Green,19.86,19.76,19.42,18.91,18.37,60.22,70,False
2026-04-07T19:00:52,22,J3_3,rl,NS-Green,18.94,18.85,18.53,18.14,17.45,63.85,79,False
2026-04-07T19:00:52,23,J0_0,rl,NS-Green,17.2,17.5,16.51,16.21,16.04,56.43,67,False
2026-04-07T19:00:52,23,J0_1,rl,NS-Green,16.7,17.0,16.04,15.83,15.52,49.88,60,False
2026-04-07T19:00:52,23,J0_2,rl,NS-Green,17.54,17.85,16.84,16.71,16.22,58.16,71,False
2026-04-07T19:00:52,23,J0_3,rl,NS-Green,15.45,15.72,14.83,14.79,14.23,50.91,60,False
2026-04-07T19:00:52,23,J1_0,rl,NS-Green,21.66,21.88,20.93,20.42,20.21,66.3,81,False
2026-04-07T19:00:52,23,J1_1,rl,NS-Green,17.8,17.98,17.19,16.86,16.53,58.67,70,False
2026-04-07T19:00:52,23,J1_2,rl,NS-Green,17.1,17.27,16.52,16.29,15.82,57.07,67,False
2026-04-07T19:00:52,23,J1_3,rl,NS-Green,18.01,18.19,17.39,17.24,16.58,58.43,71,False
2026-04-07T19:00:52,23,J2_0,rl,NS-Green,20.38,20.43,19.81,19.21,19.02,67.57,80,False
2026-04-07T19:00:52,23,J2_1,rl,NS-Green,17.98,18.02,17.47,17.03,16.7,59.09,69,False
2026-04-07T19:00:52,23,J2_2,rl,NS-Green,19.71,19.76,19.16,18.78,18.23,60.62,71,False
2026-04-07T19:00:52,23,J2_3,rl,NS-Green,16.33,16.37,15.87,15.63,15.04,52.74,62,False
2026-04-07T19:00:52,23,J3_0,rl,NS-Green,18.54,18.45,18.14,17.48,17.3,61.3,75,False
2026-04-07T19:00:52,23,J3_1,rl,NS-Green,16.88,16.79,16.51,15.99,15.68,49.27,57,False
2026-04-07T19:00:52,23,J3_2,rl,NS-Green,18.42,18.32,18.01,17.54,17.04,66.9,82,False
2026-04-07T19:00:52,23,J3_3,rl,NS-Green,19.54,19.44,19.11,18.71,18.0,66.18,80,False
2026-04-07T19:00:52,24,J0_0,rl,NS-Green,16.65,16.94,15.98,15.69,15.54,56.49,68,False
2026-04-07T19:00:52,24,J0_1,rl,NS-Green,17.09,17.39,16.41,16.2,15.88,54.89,67,False
2026-04-07T19:00:52,24,J0_2,rl,NS-Green,16.26,16.54,15.61,15.49,15.04,46.31,53,False
2026-04-07T19:00:52,24,J0_3,rl,NS-Green,17.84,18.15,17.12,17.08,16.43,62.21,77,False
2026-04-07T19:00:52,24,J1_0,rl,NS-Green,19.07,19.26,18.42,17.98,17.79,60.61,72,False
2026-04-07T19:00:52,24,J1_1,rl,NS-Green,18.58,18.76,17.95,17.6,17.26,58.47,70,False
2026-04-07T19:00:52,24,J1_2,rl,NS-Green,21.93,22.15,21.18,20.89,20.28,69.56,86,False
2026-04-07T19:00:52,24,J1_3,rl,NS-Green,17.87,18.05,17.26,17.11,16.46,60.05,73,False
2026-04-07T19:00:52,24,J2_0,rl,NS-Green,18.91,18.96,18.38,17.83,17.65,64.65,77,False
2026-04-07T19:00:52,24,J2_1,rl,NS-Green,16.9,16.94,16.42,16.01,15.7,58.68,71,False
2026-04-07T19:00:52,24,J2_2,rl,NS-Green,18.44,18.49,17.93,17.57,17.06,63.7,77,False
2026-04-07T19:00:52,24,J2_3,rl,NS-Green,17.81,17.86,17.31,17.06,16.41,52.93,64,False
2026-04-07T19:00:52,24,J3_0,rl,NS-Green,19.78,19.68,19.34,18.64,18.45,63.19,76,False
2026-04-07T19:00:52,24,J3_1,rl,NS-Green,14.81,14.74,14.49,14.03,13.76,51.18,62,False
2026-04-07T19:00:52,24,J3_2,rl,NS-Green,17.84,17.75,17.44,16.99,16.5,59.22,70,False
2026-04-07T19:00:52,24,J3_3,rl,NS-Green,17.92,17.83,17.53,17.16,16.51,58.01,68,False
