timestamp,tick,junction_id,phase,avg_waiting_time_s,north_queue,south_queue,east_queue,west_queue,total_queue,throughput
2026-04-07T18:49:29,1,J0_0,NS-Green,23.06,11.88,15.11,8.31,10.67,35.03,871.11
2026-04-07T18:49:29,1,J0_1,NS-Green,24.71,13.4,17.0,9.29,12.49,42.67,871.11
2026-04-07T18:49:29,1,J0_2,NS-Green,26.35,14.93,18.89,10.27,10.67,50.31,871.11
2026-04-07T18:49:29,1,J0_3,NS-Green,28.0,16.45,15.11,11.25,12.49,57.96,871.11
2026-04-07T18:49:29,1,J1_0,NS-Green,29.65,17.97,17.0,8.31,10.67,35.03,871.11
2026-04-07T18:49:29,1,J1_1,NS-Green,31.3,11.88,18.89,9.29,12.49,42.67,871.11
2026-04-07T18:49:29,1,J1_2,NS-Green,23.06,13.4,15.11,10.27,10.67,50.31,871.11
2026-04-07T18:49:29,1,J1_3,NS-Green,24.71,14.93,17.0,11.25,12.49,57.96,871.11
2026-04-07T18:49:29,1,J2_0,NS-Green,26.35,16.45,18.89,8.31,10.67,35.03,871.11
2026-04-07T18:49:29,1,J2_1,NS-Green,28.0,17.97,15.11,9.29,12.49,42.67,871.11
2026-04-07T18:49:29,1,J2_2,NS-Green,29.65,11.88,17.0,10.27,10.67,50.31,871.11
2026-04-07T18:49:29,1,J2_3,NS-Green,31.3,13.4,18.89,11.25,12.49,57.96,871.11
2026-04-07T18:49:29,1,J3_0,NS-Green,23.06,14.93,15.11,8.31,10.67,35.03,871.11
2026-04-07T18:49:29,1,J3_1,NS-Green,24.71,16.45,17.0,9.29,12.49,42.67,871.11
2026-04-07T18:49:29,1,J3_2,NS-Green,26.35,17.97,18.89,10.27,10.67,50.31,871.11
2026-04-07T18:49:29,1,J3_3,NS-Green,28.0,11.88,15.11,11.25,12.49,57.96,871.11
2026-04-07T18:49:29,2,J0_0,NS-Green,24.56,14.78,13.4,9.33,13.79,38.65,887.73
2026-04-07T18:49:29,2,J0_1,NS-Green,26.32,16.61,15.07,10.43,16.15,47.08,887.73
2026-04-07T18:49:29,2,J0_2,NS-Green,28.07,18.43,16.74,11.53,13.79,55.52,887.73
2026-04-07T18:49:29,2,J0_3,NS-Green,29.83,20.26,13.4,12.63,16.15,63.95,887.73
2026-04-07T18:49:29,2,J1_0,NS-Green,31.58,22.08,15.07,9.33,13.79,38.65,887.73
2026-04-07T18:49:29,2,J1_1,NS-Green,33.33,14.78,16.74,10.43,16.15,47.08,887.73
2026-04-07T18:49:29,2,J1_2,NS-Green,24.56,16.61,13.4,11.53,13.79,55.52,887.73
2026-04-07T18:49:29,2,J1_3,NS-Green,26.32,18.43,15.07,12.63,16.15,63.95,887.73
2026-04-07T18:49:29,2,J2_0,NS-Green,28.07,20.26,16.74,9.33,13.79,38.65,887.73
2026-04-07T18:49:29,2,J2_1,NS-Green,29.83,22.08,13.4,10.43,16.15,47.08,887.73
2026-04-07T18:49:29,2,J2_2,NS-Green,31.58,14.78,15.07,11.53,13.79,55.52,887.73
2026-04-07T18:49:29,2,J2_3,NS-Green,33.33,16.61,16.74,12.63,16.15,63.95,887.73
2026-04-07T18:49:29,2,J3_0,NS-Green,24.56,18.43,13.4,9.33,13.79,38.65,887.73
2026-04-07T18:49:29,2,J3_1,NS-Green,26.32,20.26,15.07,10.43,16.15,47.08,887.73
2026-04-07T18:49:29,2,J3_2,NS-Green,28.07,22.08,16.74,11.53,13.79,55.52,887.73
2026-04-07T18:49:29,2,J3_3,NS-Green,29.83,14.78,13.4,12.63,16.15,63.95,887.73
2026-04-07T18:49:29,3,J0_0,NS-Green,22.7,13.6,7.77,12.55,6.54,30.13,878.42
2026-04-07T18:49:29,3,J0_1,NS-Green,24.32,15.22,8.74,14.03,7.67,36.71,878.42
2026-04-07T18:49:29,3,J0_2,NS-Green,25.94,16.83,9.72,15.5,6.54,43.28,878.42
2026-04-07T18:49:29,3,J0_3,NS-Green,27.56,18.45,7.77,16.98,7.67,49.86,878.42
2026-04-07T18:49:29,3,J1_0,NS-Green,29.18,20.07,8.74,12.55,6.54,30.13,878.42
2026-04-07T18:49:29,3,J1_1,NS-Green,30.81,13.6,9.72,14.03,7.67,36.71,878.42
2026-04-07T18:49:29,3,J1_2,NS-Green,22.7,15.22,7.77,15.5,6.54,43.28,878.42
2026-04-07T18:49:29,3,J1_3,NS-Green,24.32,16.83,8.74,16.98,7.67,49.86,878.42
2026-04-07T18:49:29,3,J2_0,NS-Green,25.94,18.45,9.72,12.55,6.54,30.13,878.42
2026-04-07T18:49:29,3,J2_1,NS-Green,27.56,20.07,7.77,14.03,7.67,36.71,878.42
2026-04-07T18:49:29,3,J2_2,NS-Green,29.18,13.6,8.74,15.5,6.54,43.28,878.42
2026-04-07T18:49:29,3,J2_3,NS-Green,30.81,15.22,9.72,16.98,7.67,49.86,878.42
2026-04-07T18:49:29,3,J3_0,NS-Green,22.7,16.83,7.77,12.55,6.54,30.13,878.42
2026-04-07T18:49:29,3,J3_1,NS-Green,24.32,18.45,8.74,14.03,7.67,36.71,878.42
2026-04-07T18:49:29,3,J3_2,NS-Green,25.94,20.07,9.72,15.5,6.54,43.28,878.42
2026-04-07T18:49:29,3,J3_3,NS-Green,27.56,13.6,7.77,16.98,7.67,49.86,878.42
2026-04-07T18:49:29,4,J0_0,NS-Green,23.65,10.51,10.48,12.42,10.83,34.26,877.5
2026-04-07T18:49:29,4,J0_1,NS-Green,25.34,11.91,11.79,13.88,12.68,41.74,877.5
2026-04-07T18:49:29,4,J0_2,NS-Green,27.03,13.31,13.1,15.34,10.83,49.21,877.5
2026-04-07T18:49:29,4,J0_3,NS-Green,28.72,14.71,10.48,16.8,12.68,56.69,877.5
2026-04-07T18:49:29,4,J1_0,NS-Green,30.41,16.11,11.79,12.42,10.83,34.26,877.5
2026-04-07T18:49:29,4,J1_1,NS-Green,32.1,10.51,13.1,13.88,12.68,41.74,877.5
2026-04-07T18:49:29,4,J1_2,NS-Green,23.65,11.91,10.48,15.34,10.83,49.21,877.5
2026-04-07T18:49:29,4,J1_3,NS-Green,25.34,13.31,11.79,16.8,12.68,56.69,877.5
2026-04-07T18:49:29,4,J2_0,NS-Green,27.03,14.71,13.1,12.42,10.83,34.26,877.5
2026-04-07T18:49:29,4,J2_1,NS-Green,28.72,16.11,10.48,13.88,12.68,41.74,877.5
2026-04-07T18:49:29,4,J2_2,NS-Green,30.41,10.51,11.79,15.34,10.83,49.21,877.5
2026-04-07T18:49:29,4,J2_3,NS-Green,32.1,11.91,13.1,16.8,12.68,56.69,877.5
2026-04-07T18:49:29,4,J3_0,NS-Green,23.65,13.31,10.48,12.42,10.83,34.26,877.5
2026-04-07T18:49:29,4,J3_1,NS-Green,25.34,14.71,11.79,13.88,12.68,41.74,877.5
2026-04-07T18:49:29,4,J3_2,NS-Green,27.03,16.11,13.1,15.34,10.83,49.21,877.5
2026-04-07T18:49:29,4,J3_3,NS-Green,28.72,10.51,10.48,16.8,12.68,56.69,877.5
2026-04-07T18:49:29,5,J0_0,NS-Green,27.59,10.27,8.28,9.96,6.33,26.59,905.57
2026-04-07T18:49:29,5,J0_1,NS-Green,29.56,11.58,9.31,11.13,7.41,32.39,905.57
2026-04-07T18:49:29,5,J0_2,NS-Green,31.54,12.9,10.35,12.3,6.33,38.19,905.57
2026-04-07T18:49:29,5,J0_3,NS-Green,33.51,14.22,8.28,13.47,7.41,43.99,905.57
2026-04-07T18:49:29,5,J1_0,NS-Green,35.48,15.53,9.31,9.96,6.33,26.59,905.57
2026-04-07T18:49:29,5,J1_1,NS-Green,37.45,10.27,10.35,11.13,7.41,32.39,905.57
2026-04-07T18:49:29,5,J1_2,NS-Green,27.59,11.58,8.28,12.3,6.33,38.19,905.57
2026-04-07T18:49:29,5,J1_3,NS-Green,29.56,12.9,9.31,13.47,7.41,43.99,905.57
2026-04-07T18:49:29,5,J2_0,NS-Green,31.54,14.22,10.35,9.96,6.33,26.59,905.57
2026-04-07T18:49:29,5,J2_1,NS-Green,33.51,15.53,8.28,11.13,7.41,32.39,905.57
2026-04-07T18:49:29,5,J2_2,NS-Green,35.48,10.27,9.31,12.3,6.33,38.19,905.57
2026-04-07T18:49:29,5,J2_3,NS-Green,37.45,11.58,10.35,13.47,7.41,43.99,905.57
2026-04-07T18:49:29,5,J3_0,NS-Green,27.59,12.9,8.28,9.96,6.33,26.59,905.57
2026-04-07T18:49:29,5,J3_1,NS-Green,29.56,14.22,9.31,11.13,7.41,32.39,905.57
2026-04-07T18:49:29,5,J3_2,NS-Green,31.54,15.53,10.35,12.3,6.33,38.19,905.57
2026-04-07T18:49:29,5,J3_3,NS-Green,33.51,10.27,8.28,13.47,7.41,43.99,905.57
2026-04-07T18:49:29,6,J0_0,NS-Green,22.24,11.23,7.09,7.64,10.57,27.53,899.61
2026-04-07T18:49:29,6,J0_1,NS-Green,23.83,12.62,7.98,8.54,12.38,33.53,899.61
2026-04-07T18:49:29,6,J0_2,NS-Green,25.42,14.01,8.86,9.43,10.57,39.54,899.61
2026-04-07T18:49:29,6,J0_3,NS-Green,27.01,15.39,7.09,10.33,12.38,45.54,899.61
2026-04-07T18:49:29,6,J1_0,NS-Green,28.6,16.78,7.98,7.64,10.57,27.53,899.61
2026-04-07T18:49:29,6,J1_1,NS-Green,30.19,11.23,8.86,8.54,12.38,33.53,899.61
2026-04-07T18:49:29,6,J1_2,NS-Green,22.24,12.62,7.09,9.43,10.57,39.54,899.61
2026-04-07T18:49:29,6,J1_3,NS-Green,23.83,14.01,7.98,10.33,12.38,45.54,899.61
2026-04-07T18:49:29,6,J2_0,NS-Green,25.42,15.39,8.86,7.64,10.57,27.53,899.61
2026-04-07T18:49:29,6,J2_1,NS-Green,27.01,16.78,7.09,8.54,12.38,33.53,899.61
2026-04-07T18:49:29,6,J2_2,NS-Green,28.6,11.23,7.98,9.43,10.57,39.54,899.61
2026-04-07T18:49:29,6,J2_3,NS-Green,30.19,12.62,8.86,10.33,12.38,45.54,899.61
2026-04-07T18:49:29,6,J3_0,NS-Green,22.24,14.01,7.09,7.64,10.57,27.53,899.61
2026-04-07T18:49:29,6,J3_1,NS-Green,23.83,15.39,7.98,8.54,12.38,33.53,899.61
2026-04-07T18:49:29,6,J3_2,NS-Green,25.42,16.78,8.86,9.43,10.57,39.54,899.61
2026-04-07T18:49:29,6,J3_3,NS-Green,27.01,11.23,7.09,10.33,12.38,45.54,899.61
2026-04-07T18:49:29,7,J0_0,NS-Green,23.64,8.79,10.8,7.22,7.71,25.91,938.48
2026-04-07T18:49:29,7,J0_1,NS-Green,25.33,9.84,12.15,8.07,9.03,31.56,938.48
2026-04-07T18:49:29,7,J0_2,NS-Green,27.02,10.89,13.5,8.92,7.71,37.21,938.48
2026-04-07T18:49:29,7,J0_3,NS-Green,28.7,11.93,10.8,9.77,9.03,42.86,938.48
2026-04-07T18:49:29,7,J1_0,NS-Green,30.39,12.98,12.15,7.22,7.71,25.91,938.48
2026-04-07T18:49:29,7,J1_1,NS-Green,32.08,8.79,13.5,8.07,9.03,31.56,938.48
2026-04-07T18:49:29,7,J1_2,NS-Green,23.64,9.84,10.8,8.92,7.71,37.21,938.48
2026-04-07T18:49:29,7,J1_3,NS-Green,25.33,10.89,12.15,9.77,9.03,42.86,938.48
2026-04-07T18:49:29,7,J2_0,NS-Green,27.02,11.93,13.5,7.22,7.71,25.91,938.48
2026-04-07T18:49:29,7,J2_1,NS-Green,28.7,12.98,10.8,8.07,9.03,31.56,938.48
2026-04-07T18:49:29,7,J2_2,NS-Green,30.39,8.79,12.15,8.92,7.71,37.21,938.48
2026-04-07T18:49:29,7,J2_3,NS-Green,32.08,9.84,13.5,9.77,9.03,42.86,938.48
2026-04-07T18:49:29,7,J3_0,NS-Green,23.64,10.89,10.8,7.22,7.71,25.91,938.48
2026-04-07T18:49:29,7,J3_1,NS-Green,25.33,11.93,12.15,8.07,9.03,31.56,938.48
2026-04-07T18:49:29,7,J3_2,NS-Green,27.02,12.98,13.5,8.92,7.71,37.21,938.48
2026-04-07T18:49:29,7,J3_3,NS-Green,28.7,8.79,10.8,9.77,9.03,42.86,938.48
2026-04-07T18:49:29,8,J0_0,NS-Green,26.15,13.07,9.46,7.32,7.89,28.93,900.13
2026-04-07T18:49:29,8,J0_1,NS-Green,28.01,14.82,10.64,8.18,9.25,35.25,900.13
2026-04-07T18:49:29,8,J0_2,NS-Green,29.88,16.56,11.82,9.04,7.89,41.56,900.13
2026-04-07T18:49:29,8,J0_3,NS-Green,31.75,18.3,9.46,9.9,9.25,47.87,900.13
2026-04-07T18:49:29,8,J1_0,NS-Green,33.62,20.04,10.64,7.32,7.89,28.93,900.13
2026-04-07T18:49:29,8,J1_1,NS-Green,35.48,13.07,11.82,8.18,9.25,35.25,900.13
2026-04-07T18:49:29,8,J1_2,NS-Green,26.15,14.82,9.46,9.04,7.89,41.56,900.13
2026-04-07T18:49:29,8,J1_3,NS-Green,28.01,16.56,10.64,9.9,9.25,47.87,900.13
2026-04-07T18:49:29,8,J2_0,NS-Green,29.88,18.3,11.82,7.32,7.89,28.93,900.13
2026-04-07T18:49:29,8,J2_1,NS-Green,31.75,20.04,9.46,8.18,9.25,35.25,900.13
2026-04-07T18:49:29,8,J2_2,NS-Green,33.62,13.07,10.64,9.04,7.89,41.56,900.13
2026-04-07T18:49:29,8,J2_3,NS-Green,35.48,14.82,11.82,9.9,9.25,47.87,900.13
2026-04-07T18:49:29,8,J3_0,NS-Green,26.15,16.56,9.46,7.32,7.89,28.93,900.13
2026-04-07T18:49:29,8,J3_1,NS-Green,28.01,18.3,10.64,8.18,9.25,35.25,900.13
2026-04-07T18:49:29,8,J3_2,NS-Green,29.88,20.04,11.82,9.04,7.89,41.56,900.13
2026-04-07T18:49:29,8,J3_3,NS-Green,31.75,13.07,9.46,9.9,9.25,47.87,900.13
2026-04-07T18:49:29,9,J0_0,NS-Green,25.1,13.83,10.54,8.31,10.72,32.95,884.34
2026-04-07T18:49:29,9,J0_1,NS-Green,26.9,15.6,11.86,9.29,12.56,40.14,884.34
2026-04-07T18:49:29,9,J0_2,NS-Green,28.69,17.37,13.17,10.27,10.72,47.33,884.34
2026-04-07T18:49:29,9,J0_3,NS-Green,30.48,19.15,10.54,11.25,12.56,54.52,884.34
2026-04-07T18:49:29,9,J1_0,NS-Green,32.28,20.92,11.86,8.31,10.72,32.95,884.34
2026-04-07T18:49:29,9,J1_1,NS-Green,34.07,13.83,13.17,9.29,12.56,40.14,884.34
2026-04-07T18:49:29,9,J1_2,NS-Green,25.1,15.6,10.54,10.27,10.72,47.33,884.34
2026-04-07T18:49:29,9,J1_3,NS-Green,26.9,17.37,11.86,11.25,12.56,54.52,884.34
2026-04-07T18:49:29,9,J2_0,NS-Green,28.69,19.15,13.17,8.31,10.72,32.95,884.34
2026-04-07T18:49:29,9,J2_1,NS-Green,30.48,20.92,10.54,9.29,12.56,40.14,884.34
2026-04-07T18:49:29,9,J2_2,NS-Green,32.28,13.83,11.86,10.27,10.72,47.33,884.34
2026-04-07T18:49:29,9,J2_3,NS-Green,34.07,15.6,13.17,11.25,12.56,54.52,884.34
2026-04-07T18:49:29,9,J3_0,NS-Green,25.1,17.37,10.54,8.31,10.72,32.95,884.34
2026-04-07T18:49:29,9,J3_1,NS-Green,26.9,19.15,11.86,9.29,12.56,40.14,884.34
2026-04-07T18:49:29,9,J3_2,NS-Green,28.69,20.92,13.17,10.27,10.72,47.33,884.34
2026-04-07T18:49:29,9,J3_3,NS-Green,30.48,13.83,10.54,11.25,12.56,54.52,884.34
2026-04-07T18:49:29,10,J0_0,NS-Green,23.52,15.53,8.75,11.9,6.99,32.34,876.45
2026-04-07T18:49:29,10,J0_1,NS-Green,25.2,17.45,9.85,13.29,8.19,39.4,876.45
2026-04-07T18:49:29,10,J0_2,NS-Green,26.88,19.36,10.94,14.69,6.99,46.46,876.45
2026-04-07T18:49:29,10,J0_3,NS-Green,28.56,21.28,8.75,16.09,8.19,53.51,876.45
2026-04-07T18:49:29,10,J1_0,NS-Green,30.24,23.2,9.85,11.9,6.99,32.34,876.45
2026-04-07T18:49:29,10,J1_1,NS-Green,31.92,15.53,10.94,13.29,8.19,39.4,876.45
2026-04-07T18:49:29,10,J1_2,NS-Green,23.52,17.45,8.75,14.69,6.99,46.46,876.45
2026-04-07T18:49:29,10,J1_3,NS-Green,25.2,19.36,9.85,16.09,8.19,53.51,876.45
2026-04-07T18:49:29,10,J2_0,NS-Green,26.88,21.28,10.94,11.9,6.99,32.34,876.45
2026-04-07T18:49:29,10,J2_1,NS-Green,28.56,23.2,8.75,13.29,8.19,39.4,876.45
2026-04-07T18:49:29,10,J2_2,NS-Green,30.24,15.53,9.85,14.69,6.99,46.46,876.45
2026-04-07T18:49:29,10,J2_3,NS-Green,31.92,17.45,10.94,16.09,8.19,53.51,876.45
2026-04-07T18:49:29,10,J3_0,NS-Green,23.52,19.36,8.75,11.9,6.99,32.34,876.45
2026-04-07T18:49:29,10,J3_1,NS-Green,25.2,21.28,9.85,13.29,8.19,39.4,876.45
2026-04-07T18:49:29,10,J3_2,NS-Green,26.88,23.2,10.94,14.69,6.99,46.46,876.45
2026-04-07T18:49:29,10,J3_3,NS-Green,28.56,15.53,8.75,16.09,8.19,53.51,876.45
2026-04-07T18:49:29,11,J0_0,NS-Green,25.02,12.37,10.89,10.66,8.52,31.74,931.21
2026-04-07T18:49:29,11,J0_1,NS-Green,26.81,13.84,12.25,11.92,9.98,38.66,931.21
2026-04-07T18:49:29,11,J0_2,NS-Green,28.6,15.31,13.62,13.17,8.52,45.58,931.21
2026-04-07T18:49:29,11,J0_3,NS-Green,30.38,16.78,10.89,14.43,9.98,52.51,931.21
2026-04-07T18:49:29,11,J1_0,NS-Green,32.17,18.25,12.25,10.66,8.52,31.74,931.21
2026-04-07T18:49:29,11,J1_1,NS-Green,33.96,12.37,13.62,11.92,9.98,38.66,931.21
2026-04-07T18:49:29,11,J1_2,NS-Green,25.02,13.84,10.89,13.17,8.52,45.58,931.21
2026-04-07T18:49:29,11,J1_3,NS-Green,26.81,15.31,12.25,14.43,9.98,52.51,931.21
2026-04-07T18:49:29,11,J2_0,NS-Green,28.6,16.78,13.62,10.66,8.52,31.74,931.21
2026-04-07T18:49:29,11,J2_1,NS-Green,30.38,18.25,10.89,11.92,9.98,38.66,931.21
2026-04-07T18:49:29,11,J2_2,NS-Green,32.17,12.37,12.25,13.17,8.52,45.58,931.21
2026-04-07T18:49:29,11,J2_3,NS-Green,33.96,13.84,13.62,14.43,9.98,52.51,931.21
2026-04-07T18:49:29,11,J3_0,NS-Green,25.02,15.31,10.89,10.66,8.52,31.74,931.21
2026-04-07T18:49:29,11,J3_1,NS-Green,26.81,16.78,12.25,11.92,9.98,38.66,931.21
2026-04-07T18:49:29,11,J3_2,NS-Green,28.6,18.25,13.62,13.17,8.52,45.58,931.21
2026-04-07T18:49:29,11,J3_3,NS-Green,30.38,12.37,10.89,14.43,9.98,52.51,931.21
2026-04-07T18:49:29,12,J0_0,NS-Green,21.84,10.91,13.98,7.99,9.25,32.41,934.37
2026-04-07T18:49:29,12,J0_1,NS-Green,23.4,12.36,15.73,8.93,10.83,39.48,934.37
2026-04-07T18:49:29,12,J0_2,NS-Green,24.96,13.82,17.47,9.87,9.25,46.55,934.37
2026-04-07T18:49:29,12,J0_3,NS-Green,26.52,15.27,13.98,10.81,10.83,53.62,934.37
2026-04-07T18:49:29,12,J1_0,NS-Green,28.08,16.73,15.73,7.99,9.25,32.41,934.37
2026-04-07T18:49:29,12,J1_1,NS-Green,29.64,10.91,17.47,8.93,10.83,39.48,934.37
2026-04-07T18:49:29,12,J1_2,NS-Green,21.84,12.36,13.98,9.87,9.25,46.55,934.37
2026-04-07T18:49:29,12,J1_3,NS-Green,23.4,13.82,15.73,10.81,10.83,53.62,934.37
2026-04-07T18:49:29,12,J2_0,NS-Green,24.96,15.27,17.47,7.99,9.25,32.41,934.37
2026-04-07T18:49:29,12,J2_1,NS-Green,26.52,16.73,13.98,8.93,10.83,39.48,934.37
2026-04-07T18:49:29,12,J2_2,NS-Green,28.08,10.91,15.73,9.87,9.25,46.55,934.37
2026-04-07T18:49:29,12,J2_3,NS-Green,29.64,12.36,17.47,10.81,10.83,53.62,934.37
2026-04-07T18:49:29,12,J3_0,NS-Green,21.84,13.82,13.98,7.99,9.25,32.41,934.37
2026-04-07T18:49:29,12,J3_1,NS-Green,23.4,15.27,15.73,8.93,10.83,39.48,934.37
2026-04-07T18:49:29,12,J3_2,NS-Green,24.96,16.73,17.47,9.87,9.25,46.55,934.37
2026-04-07T18:49:29,12,J3_3,NS-Green,26.52,10.91,13.98,10.81,10.83,53.62,934.37
2026-04-07T18:49:29,13,J0_0,NS-Green,23.67,15.76,10.39,10.16,7.01,32.77,928.81
2026-04-07T18:49:29,13,J0_1,NS-Green,25.37,17.78,11.68,11.35,8.21,39.92,928.81
2026-04-07T18:49:29,13,J0_2,NS-Green,27.06,19.8,12.98,12.55,7.01,47.08,928.81
2026-04-07T18:49:29,13,J0_3,NS-Green,28.75,21.83,10.39,13.74,8.21,54.23,928.81
2026-04-07T18:49:29,13,J1_0,NS-Green,30.44,23.85,11.68,10.16,7.01,32.77,928.81
2026-04-07T18:49:29,13,J1_1,NS-Green,32.13,15.76,12.98,11.35,8.21,39.92,928.81
2026-04-07T18:49:29,13,J1_2,NS-Green,23.67,17.78,10.39,12.55,7.01,47.08,928.81
2026-04-07T18:49:29,13,J1_3,NS-Green,25.37,19.8,11.68,13.74,8.21,54.23,928.81
2026-04-07T18:49:29,13,J2_0,NS-Green,27.06,21.83,12.98,10.16,7.01,32.77,928.81
2026-04-07T18:49:29,13,J2_1,NS-Green,28.75,23.85,10.39,11.35,8.21,39.92,928.81
2026-04-07T18:49:29,13,J2_2,NS-Green,30.44,15.76,11.68,12.55,7.01,47.08,928.81
2026-04-07T18:49:29,13,J2_3,NS-Green,32.13,17.78,12.98,13.74,8.21,54.23,928.81
2026-04-07T18:49:29,13,J3_0,NS-Green,23.67,19.8,10.39,10.16,7.01,32.77,928.81
2026-04-07T18:49:29,13,J3_1,NS-Green,25.37,21.83,11.68,11.35,8.21,39.92,928.81
2026-04-07T18:49:29,13,J3_2,NS-Green,27.06,23.85,12.98,12.55,7.01,47.08,928.81
2026-04-07T18:49:29,13,J3_3,NS-Green,28.75,15.76,10.39,13.74,8.21,54.23,928.81
2026-04-07T18:49:29,14,J0_0,NS-Green,28.06,14.73,8.62,14.01,13.69,38.67,868.29
2026-04-07T18:49:29,14,J0_1,NS-Green,30.06,16.55,9.7,15.65,16.03,47.1,868.29
2026-04-07T18:49:29,14,J0_2,NS-Green,32.07,18.37,10.77,17.3,13.69,55.54,868.29
2026-04-07T18:49:29,14,J0_3,NS-Green,34.07,20.19,8.62,18.95,16.03,63.98,868.29
2026-04-07T18:49:29,14,J1_0,NS-Green,36.07,22.01,9.7,14.01,13.69,38.67,868.29
2026-04-07T18:49:29,14,J1_1,NS-Green,38.08,14.73,10.77,15.65,16.03,47.1,868.29
2026-04-07T18:49:29,14,J1_2,NS-Green,28.06,16.55,8.62,17.3,13.69,55.54,868.29
2026-04-07T18:49:29,14,J1_3,NS-Green,30.06,18.37,9.7,18.95,16.03,63.98,868.29
2026-04-07T18:49:29,14,J2_0,NS-Green,32.07,20.19,10.77,14.01,13.69,38.67,868.29
2026-04-07T18:49:29,14,J2_1,NS-Green,34.07,22.01,8.62,15.65,16.03,47.1,868.29
2026-04-07T18:49:29,14,J2_2,NS-Green,36.07,14.73,9.7,17.3,13.69,55.54,868.29
2026-04-07T18:49:29,14,J2_3,NS-Green,38.08,16.55,10.77,18.95,16.03,63.98,868.29
2026-04-07T18:49:29,14,J3_0,NS-Green,28.06,18.37,8.62,14.01,13.69,38.67,868.29
2026-04-07T18:49:29,14,J3_1,NS-Green,30.06,20.19,9.7,15.65,16.03,47.1,868.29
2026-04-07T18:49:29,14,J3_2,NS-Green,32.07,22.01,10.77,17.3,13.69,55.54,868.29
2026-04-07T18:49:29,14,J3_3,NS-Green,34.07,14.73,8.62,18.95,16.03,63.98,868.29
2026-04-07T18:49:29,15,J0_0,NS-Green,26.06,10.6,9.49,11.88,8.7,30.64,872.16
2026-04-07T18:49:29,15,J0_1,NS-Green,27.93,11.87,10.68,13.28,10.19,37.32,872.16
2026-04-07T18:49:29,15,J0_2,NS-Green,29.79,13.13,11.86,14.68,8.7,44.01,872.16
2026-04-07T18:49:29,15,J0_3,NS-Green,31.65,14.39,9.49,16.07,10.19,50.69,872.16
2026-04-07T18:49:29,15,J1_0,NS-Green,33.51,15.65,10.68,11.88,8.7,30.64,872.16
2026-04-07T18:49:29,15,J1_1,NS-Green,35.37,10.6,11.86,13.28,10.19,37.32,872.16
2026-04-07T18:49:29,15,J1_2,NS-Green,26.06,11.87,9.49,14.68,8.7,44.01,872.16
2026-04-07T18:49:29,15,J1_3,NS-Green,27.93,13.13,10.68,16.07,10.19,50.69,872.16
2026-04-07T18:49:29,15,J2_0,NS-Green,29.79,14.39,11.86,11.88,8.7,30.64,872.16
2026-04-07T18:49:29,15,J2_1,NS-Green,31.65,15.65,9.49,13.28,10.19,37.32,872.16
2026-04-07T18:49:29,15,J2_2,NS-Green,33.51,10.6,10.68,14.68,8.7,44.01,872.16
2026-04-07T18:49:29,15,J2_3,NS-Green,35.37,11.87,11.86,16.07,10.19,50.69,872.16
2026-04-07T18:49:29,15,J3_0,NS-Green,26.06,13.13,9.49,11.88,8.7,30.64,872.16
2026-04-07T18:49:29,15,J3_1,NS-Green,27.93,14.39,10.68,13.28,10.19,37.32,872.16
2026-04-07T18:49:29,15,J3_2,NS-Green,29.79,15.65,11.86,14.68,8.7,44.01,872.16
2026-04-07T18:49:29,15,J3_3,NS-Green,31.65,10.6,9.49,16.07,10.19,50.69,872.16
2026-04-07T18:49:29,16,J0_0,NS-Green,23.21,8.9,7.37,6.19,12.2,26.75,936.25
2026-04-07T18:49:29,16,J0_1,NS-Green,24.87,10.09,8.29,6.92,14.29,32.59,936.25
2026-04-07T18:49:29,16,J0_2,NS-Green,26.52,11.27,9.22,7.65,12.2,38.43,936.25
2026-04-07T18:49:29,16,J0_3,NS-Green,28.18,12.46,7.37,8.37,14.29,44.26,936.25
2026-04-07T18:49:29,16,J1_0,NS-Green,29.84,13.65,8.29,6.19,12.2,26.75,936.25
2026-04-07T18:49:29,16,J1_1,NS-Green,31.5,8.9,9.22,6.92,14.29,32.59,936.25
2026-04-07T18:49:29,16,J1_2,NS-Green,23.21,10.09,7.37,7.65,12.2,38.43,936.25
2026-04-07T18:49:29,16,J1_3,NS-Green,24.87,11.27,8.29,8.37,14.29,44.26,936.25
2026-04-07T18:49:29,16,J2_0,NS-Green,26.52,12.46,9.22,6.19,12.2,26.75,936.25
2026-04-07T18:49:29,16,J2_1,NS-Green,28.18,13.65,7.37,6.92,14.29,32.59,936.25
2026-04-07T18:49:29,16,J2_2,NS-Green,29.84,8.9,8.29,7.65,12.2,38.43,936.25
2026-04-07T18:49:29,16,J2_3,NS-Green,31.5,10.09,9.22,8.37,14.29,44.26,936.25
2026-04-07T18:49:29,16,J3_0,NS-Green,23.21,11.27,7.37,6.19,12.2,26.75,936.25
2026-04-07T18:49:29,16,J3_1,NS-Green,24.87,12.46,8.29,6.92,14.29,32.59,936.25
2026-04-07T18:49:29,16,J3_2,NS-Green,26.52,13.65,9.22,7.65,12.2,38.43,936.25
2026-04-07T18:49:29,16,J3_3,NS-Green,28.18,8.9,7.37,8.37,14.29,44.26,936.25
2026-04-07T18:49:29,17,J0_0,NS-Green,24.14,7.75,6.89,6.32,13.89,26.75,862.98
2026-04-07T18:49:29,17,J0_1,NS-Green,25.87,8.75,7.75,7.06,16.27,32.59,862.98
2026-04-07T18:49:29,17,J0_2,NS-Green,27.59,9.74,8.62,7.8,13.89,38.43,862.98
2026-04-07T18:49:29,17,J0_3,NS-Green,29.31,10.73,6.89,8.55,16.27,44.26,862.98
2026-04-07T18:49:29,17,J1_0,NS-Green,31.04,11.73,7.75,6.32,13.89,26.75,862.98
2026-04-07T18:49:29,17,J1_1,NS-Green,32.76,7.75,8.62,7.06,16.27,32.59,862.98
2026-04-07T18:49:29,17,J1_2,NS-Green,24.14,8.75,6.89,7.8,13.89,38.43,862.98
2026-04-07T18:49:29,17,J1_3,NS-Green,25.87,9.74,7.75,8.55,16.27,44.26,862.98
2026-04-07T18:49:29,17,J2_0,NS-Green,27.59,10.73,8.62,6.32,13.89,26.75,862.98
2026-04-07T18:49:29,17,J2_1,NS-Green,29.31,11.73,6.89,7.06,16.27,32.59,862.98
2026-04-07T18:49:29,17,J2_2,NS-Green,31.04,7.75,7.75,7.8,13.89,38.43,862.98
2026-04-07T18:49:29,17,J2_3,NS-Green,32.76,8.75,8.62,8.55,16.27,44.26,862.98
2026-04-07T18:49:29,17,J3_0,NS-Green,24.14,9.74,6.89,6.32,13.89,26.75,862.98
2026-04-07T18:49:29,17,J3_1,NS-Green,25.87,10.73,7.75,7.06,16.27,32.59,862.98
2026-04-07T18:49:29,17,J3_2,NS-Green,27.59,11.73,8.62,7.8,13.89,38.43,862.98
2026-04-07T18:49:29,17,J3_3,NS-Green,29.31,7.75,6.89,8.55,16.27,44.26,862.98
2026-04-07T18:49:29,18,J0_0,NS-Green,22.69,13.91,10.61,7.06,11.68,32.43,914.16
2026-04-07T18:49:29,18,J0_1,NS-Green,24.31,15.63,11.94,7.89,13.69,39.51,914.16
2026-04-07T18:49:29,18,J0_2,NS-Green,25.93,17.34,13.26,8.72,11.68,46.59,914.16
2026-04-07T18:49:29,18,J0_3,NS-Green,27.55,19.06,10.61,9.55,13.69,53.66,914.16
2026-04-07T18:49:29,18,J1_0,NS-Green,29.17,20.78,11.94,7.06,11.68,32.43,914.16
2026-04-07T18:49:29,18,J1_1,NS-Green,30.79,13.91,13.26,7.89,13.69,39.51,914.16
2026-04-07T18:49:29,18,J1_2,NS-Green,22.69,15.63,10.61,8.72,11.68,46.59,914.16
2026-04-07T18:49:29,18,J1_3,NS-Green,24.31,17.34,11.94,9.55,13.69,53.66,914.16
2026-04-07T18:49:29,18,J2_0,NS-Green,25.93,19.06,13.26,7.06,11.68,32.43,914.16
2026-04-07T18:49:29,18,J2_1,NS-Green,27.55,20.78,10.61,7.89,13.69,39.51,914.16
2026-04-07T18:49:29,18,J2_2,NS-Green,29.17,13.91,11.94,8.72,11.68,46.59,914.16
2026-04-07T18:49:29,18,J2_3,NS-Green,30.79,15.63,13.26,9.55,13.69,53.66,914.16
2026-04-07T18:49:29,18,J3_0,NS-Green,22.69,17.34,10.61,7.06,11.68,32.43,914.16
2026-04-07T18:49:29,18,J3_1,NS-Green,24.31,19.06,11.94,7.89,13.69,39.51,914.16
2026-04-07T18:49:29,18,J3_2,NS-Green,25.93,20.78,13.26,8.72,11.68,46.59,914.16
2026-04-07T18:49:29,18,J3_3,NS-Green,27.55,13.91,10.61,9.55,13.69,53.66,914.16
2026-04-07T18:49:29,19,J0_0,NS-Green,24.41,9.85,11.82,10.3,7.29,29.53,870.79
2026-04-07T18:49:29,19,J0_1,NS-Green,26.15,11.02,13.29,11.51,8.54,35.98,870.79
2026-04-07T18:49:29,19,J0_2,NS-Green,27.9,12.19,14.77,12.72,7.29,42.42,870.79
2026-04-07T18:49:29,19,J0_3,NS-Green,29.64,13.37,11.82,13.93,8.54,48.86,870.79
2026-04-07T18:49:29,19,J1_0,NS-Green,31.38,14.54,13.29,10.3,7.29,29.53,870.79
2026-04-07T18:49:29,19,J1_1,NS-Green,33.13,9.85,14.77,11.51,8.54,35.98,870.79
2026-04-07T18:49:29,19,J1_2,NS-Green,24.41,11.02,11.82,12.72,7.29,42.42,870.79
2026-04-07T18:49:29,19,J1_3,NS-Green,26.15,12.19,13.29,13.93,8.54,48.86,870.79
2026-04-07T18:49:29,19,J2_0,NS-Green,27.9,13.37,14.77,10.3,7.29,29.53,870.79
2026-04-07T18:49:29,19,J2_1,NS-Green,29.64,14.54,11.82,11.51,8.54,35.98,870.79
2026-04-07T18:49:29,19,J2_2,NS-Green,31.38,9.85,13.29,12.72,7.29,42.42,870.79
2026-04-07T18:49:29,19,J2_3,NS-Green,33.13,11.02,14.77,13.93,8.54,48.86,870.79
2026-04-07T18:49:29,19,J3_0,NS-Green,24.41,12.19,11.82,10.3,7.29,29.53,870.79
2026-04-07T18:49:29,19,J3_1,NS-Green,26.15,13.37,13.29,11.51,8.54,35.98,870.79
2026-04-07T18:49:29,19,J3_2,NS-Green,27.9,14.54,14.77,12.72,7.29,42.42,870.79
2026-04-07T18:49:29,19,J3_3,NS-Green,29.64,9.85,11.82,13.93,8.54,48.86,870.79
2026-04-07T18:49:29,20,J0_0,NS-Green,22.54,13.36,8.0,9.02,8.65,30.01,897.92
2026-04-07T18:49:29,20,J0_1,NS-Green,24.15,15.14,9.0,10.08,10.14,36.55,897.92
2026-04-07T18:49:29,20,J0_2,NS-Green,25.76,16.92,10.0,11.15,8.65,43.1,897.92
2026-04-07T18:49:29,20,J0_3,NS-Green,27.37,18.7,8.0,12.21,10.14,49.65,897.92
2026-04-07T18:49:29,20,J1_0,NS-Green,28.98,20.49,9.0,9.02,8.65,30.01,897.92
2026-04-07T18:49:29,20,J1_1,NS-Green,30.59,13.36,10.0,10.08,10.14,36.55,897.92
2026-04-07T18:49:29,20,J1_2,NS-Green,22.54,15.14,8.0,11.15,8.65,43.1,897.92
2026-04-07T18:49:29,20,J1_3,NS-Green,24.15,16.92,9.0,12.21,10.14,49.65,897.92
2026-04-07T18:49:29,20,J2_0,NS-Green,25.76,18.7,10.0,9.02,8.65,30.01,897.92
2026-04-07T18:49:29,20,J2_1,NS-Green,27.37,20.49,8.0,10.08,10.14,36.55,897.92
2026-04-07T18:49:29,20,J2_2,NS-Green,28.98,13.36,9.0,11.15,8.65,43.1,897.92
2026-04-07T18:49:29,20,J2_3,NS-Green,30.59,15.14,10.0,12.21,10.14,49.65,897.92
2026-04-07T18:49:29,20,J3_0,NS-Green,22.54,16.92,8.0,9.02,8.65,30.01,897.92
2026-04-07T18:49:29,20,J3_1,NS-Green,24.15,18.7,9.0,10.08,10.14,36.55,897.92
2026-04-07T18:49:29,20,J3_2,NS-Green,25.76,20.49,10.0,11.15,8.65,43.1,897.92
2026-04-07T18:49:29,20,J3_3,NS-Green,27.37,13.36,8.0,12.21,10.14,49.65,897.92
2026-04-07T18:49:29,21,J0_0,NS-Green,24.25,12.98,10.17,7.83,9.84,30.99,952.01
2026-04-07T18:49:29,21,J0_1,NS-Green,25.98,14.64,11.45,8.75,11.53,37.76,952.01
2026-04-07T18:49:29,21,J0_2,NS-Green,27.71,16.3,12.72,9.68,9.84,44.52,952.01
2026-04-07T18:49:29,21,J0_3,NS-Green,29.44,17.97,10.17,10.6,11.53,51.28,952.01
2026-04-07T18:49:29,21,J1_0,NS-Green,31.18,19.63,11.45,7.83,9.84,30.99,952.01
2026-04-07T18:49:29,21,J1_1,NS-Green,32.91,12.98,12.72,8.75,11.53,37.76,952.01
2026-04-07T18:49:29,21,J1_2,NS-Green,24.25,14.64,10.17,9.68,9.84,44.52,952.01
2026-04-07T18:49:29,21,J1_3,NS-Green,25.98,16.3,11.45,10.6,11.53,51.28,952.01
2026-04-07T18:49:29,21,J2_0,NS-Green,27.71,17.97,12.72,7.83,9.84,30.99,952.01
2026-04-07T18:49:29,21,J2_1,NS-Green,29.44,19.63,10.17,8.75,11.53,37.76,952.01
2026-04-07T18:49:29,21,J2_2,NS-Green,31.18,12.98,11.45,9.68,9.84,44.52,952.01
2026-04-07T18:49:29,21,J2_3,NS-Green,32.91,14.64,12.72,10.6,11.53,51.28,952.01
2026-04-07T18:49:29,21,J3_0,NS-Green,24.25,16.3,10.17,7.83,9.84,30.99,952.01
2026-04-07T18:49:29,21,J3_1,NS-Green,25.98,17.97,11.45,8.75,11.53,37.76,952.01
2026-04-07T18:49:29,21,J3_2,NS-Green,27.71,19.63,12.72,9.68,9.84,44.52,952.01
2026-04-07T18:49:29,21,J3_3,NS-Green,29.44,12.98,10.17,10.6,11.53,51.28,952.01
2026-04-07T18:49:29,22,J0_0,NS-Green,21.7,16.29,11.52,7.83,10.42,34.38,935.33
2026-04-07T18:49:29,22,J0_1,NS-Green,23.25,18.3,12.96,8.75,12.2,41.88,935.33
2026-04-07T18:49:29,22,J0_2,NS-Green,24.8,20.31,14.4,9.67,10.42,49.38,935.33
2026-04-07T18:49:29,22,J0_3,NS-Green,26.36,22.33,11.52,10.59,12.2,56.88,935.33
2026-04-07T18:49:29,22,J1_0,NS-Green,27.91,24.34,12.96,7.83,10.42,34.38,935.33
2026-04-07T18:49:29,22,J1_1,NS-Green,29.46,16.29,14.4,8.75,12.2,41.88,935.33
2026-04-07T18:49:29,22,J1_2,NS-Green,21.7,18.3,11.52,9.67,10.42,49.38,935.33
2026-04-07T18:49:29,22,J1_3,NS-Green,23.25,20.31,12.96,10.59,12.2,56.88,935.33
2026-04-07T18:49:29,22,J2_0,NS-Green,24.8,22.33,14.4,7.83,10.42,34.38,935.33
2026-04-07T18:49:29,22,J2_1,NS-Green,26.36,24.34,11.52,8.75,12.2,41.88,935.33
2026-04-07T18:49:29,22,J2_2,NS-Green,27.91,16.29,12.96,9.67,10.42,49.38,935.33
2026-04-07T18:49:29,22,J2_3,NS-Green,29.46,18.3,14.4,10.59,12.2,56.88,935.33
2026-04-07T18:49:29,22,J3_0,NS-Green,21.7,20.31,11.52,7.83,10.42,34.38,935.33
2026-04-07T18:49:29,22,J3_1,NS-Green,23.25,22.33,12.96,8.75,12.2,41.88,935.33
2026-04-07T18:49:29,22,J3_2,NS-Green,24.8,24.34,14.4,9.67,10.42,49.38,935.33
2026-04-07T18:49:29,22,J3_3,NS-Green,26.36,16.29,11.52,10.59,12.2,56.88,935.33
2026-04-07T18:49:29,23,J0_0,NS-Green,27.18,10.4,9.16,8.8,13.3,31.37,936.18
2026-04-07T18:49:29,23,J0_1,NS-Green,29.12,11.64,10.3,9.84,15.58,38.22,936.18
2026-04-07T18:49:29,23,J0_2,NS-Green,31.06,12.87,11.45,10.88,13.3,45.06,936.18
2026-04-07T18:49:29,23,J0_3,NS-Green,33.0,14.11,9.16,11.91,15.58,51.91,936.18
2026-04-07T18:49:29,23,J1_0,NS-Green,34.94,15.35,10.3,8.8,13.3,31.37,936.18
2026-04-07T18:49:29,23,J1_1,NS-Green,36.88,10.4,11.45,9.84,15.58,38.22,936.18
2026-04-07T18:49:29,23,J1_2,NS-Green,27.18,11.64,9.16,10.88,13.3,45.06,936.18
2026-04-07T18:49:29,23,J1_3,NS-Green,29.12,12.87,10.3,11.91,15.58,51.91,936.18
2026-04-07T18:49:29,23,J2_0,NS-Green,31.06,14.11,11.45,8.8,13.3,31.37,936.18
2026-04-07T18:49:29,23,J2_1,NS-Green,33.0,15.35,9.16,9.84,15.58,38.22,936.18
2026-04-07T18:49:29,23,J2_2,NS-Green,34.94,10.4,10.3,10.88,13.3,45.06,936.18
2026-04-07T18:49:29,23,J2_3,NS-Green,36.88,11.64,11.45,11.91,15.58,51.91,936.18
2026-04-07T18:49:29,23,J3_0,NS-Green,27.18,12.87,9.16,8.8,13.3,31.37,936.18
2026-04-07T18:49:29,23,J3_1,NS-Green,29.12,14.11,10.3,9.84,15.58,38.22,936.18
2026-04-07T18:49:29,23,J3_2,NS-Green,31.06,15.35,11.45,10.88,13.3,45.06,936.18
2026-04-07T18:49:29,23,J3_3,NS-Green,33.0,10.4,9.16,11.91,15.58,51.91,936.18
2026-04-07T18:49:29,24,J0_0,NS-Green,16.91,10.54,11.4,8.39,9.65,30.8,892.16
2026-04-07T18:49:29,24,J0_1,NS-Green,18.12,11.94,12.82,9.37,11.3,37.52,892.16
2026-04-07T18:49:29,24,J0_2,NS-Green,19.33,13.35,14.25,10.36,9.65,44.24,892.16
2026-04-07T18:49:29,24,J0_3,NS-Green,20.54,14.75,11.4,11.35,11.3,50.96,892.16
2026-04-07T18:49:29,24,J1_0,NS-Green,21.75,16.16,12.82,8.39,9.65,30.8,892.16
2026-04-07T18:49:29,24,J1_1,NS-Green,22.95,10.54,14.25,9.37,11.3,37.52,892.16
2026-04-07T18:49:29,24,J1_2,NS-Green,16.91,11.94,11.4,10.36,9.65,44.24,892.16
2026-04-07T18:49:29,24,J1_3,NS-Green,18.12,13.35,12.82,11.35,11.3,50.96,892.16
2026-04-07T18:49:29,24,J2_0,NS-Green,19.33,14.75,14.25,8.39,9.65,30.8,892.16
2026-04-07T18:49:29,24,J2_1,NS-Green,20.54,16.16,11.4,9.37,11.3,37.52,892.16
2026-04-07T18:49:29,24,J2_2,NS-Green,21.75,10.54,12.82,10.36,9.65,44.24,892.16
2026-04-07T18:49:29,24,J2_3,NS-Green,22.95,11.94,14.25,11.35,11.3,50.96,892.16
2026-04-07T18:49:29,24,J3_0,NS-Green,16.91,13.35,11.4,8.39,9.65,30.8,892.16
2026-04-07T18:49:29,24,J3_1,NS-Green,18.12,14.75,12.82,9.37,11.3,37.52,892.16
2026-04-07T18:49:29,24,J3_2,NS-Green,19.33,16.16,14.25,10.36,9.65,44.24,892.16
2026-04-07T18:49:29,24,J3_3,NS-Green,20.54,10.54,11.4,11.35,11.3,50.96,892.16
